section,Customer Name,Supplier Name,Relationship Type,Primary Industry,Geography,Start Date,End Date,Customer Revenue ($M),Customer Revenue (%),Min %,Max %,Min Value ($M),Max Value ($M),Source,currency_note,as_of,source_file,sheet,row
Recently Disclosed Customers,"Fomento Económico Mexicano, S.A.B. de C.V.","Grupo Bimbo, S.A.B. de C.V.",Customer,Soft Drinks and Non-alcoholic Beverages,Mexico,2016,,412.838167424,,,,,,"Fomento Económico Mexicano, S.A.B. de C.V. 20-F",USD millions ($M) per CIQ header,2026-10-06,"filings/capitaliq/Business Relationships & Supply Chain/Customers/SPGlobal_GrupoBimbo,S.A.B.deC.V._Customers_06-Oct-2026.xlsx",Customers,12
Recently Disclosed Customers,Grupo Nutresa S. A.,Bimbo De Colombia S.A.,Customer,Packaged Foods and Meats,Colombia,2017,,1.7272402900000001,,,,,,Grupo Nutresa S. A. AR,USD millions ($M) per CIQ header,2026-10-06,"filings/capitaliq/Business Relationships & Supply Chain/Customers/SPGlobal_GrupoBimbo,S.A.B.deC.V._Customers_06-Oct-2026.xlsx",Customers,13
Recently Disclosed Customers,"Cadena Comercial OXXO, S.A. de C.V.","Grupo Bimbo, S.A.B. de C.V.",Distributor,Food Retail,Mexico,2018,,,,,,,,"Grupo Bimbo, S.A.B. de C.V. FIN SUPP",USD millions ($M) per CIQ header,2026-10-06,"filings/capitaliq/Business Relationships & Supply Chain/Customers/SPGlobal_GrupoBimbo,S.A.B.deC.V._Customers_06-Oct-2026.xlsx",Customers,14
Recently Disclosed Customers,"Grupo Comercial Chedraui, S.A.B. de C.V.","Grupo Bimbo, S.A.B. de C.V.",Distributor,Food Retail,Mexico,2025,,,,,,,,"Grupo Bimbo, S.A.B. de C.V. FIN SUPP",USD millions ($M) per CIQ header,2026-10-06,"filings/capitaliq/Business Relationships & Supply Chain/Customers/SPGlobal_GrupoBimbo,S.A.B.deC.V._Customers_06-Oct-2026.xlsx",Customers,15
Recently Disclosed Customers,"Organización Soriana, S. A. B. de C. V.","Grupo Bimbo, S.A.B. de C.V.",Distributor,Consumer Staples Merchandise Retail,Mexico,2018,,,,,,,,"Grupo Bimbo, S.A.B. de C.V. FIN SUPP",USD millions ($M) per CIQ header,2026-10-06,"filings/capitaliq/Business Relationships & Supply Chain/Customers/SPGlobal_GrupoBimbo,S.A.B.deC.V._Customers_06-Oct-2026.xlsx",Customers,16
Recently Disclosed Customers,"Organización Soriana, S. A. B. de C. V.","Grupo Bimbo, S.A.B. de C.V.",Customer,Consumer Staples Merchandise Retail,Mexico,2022,,,,,,,,"Organización Soriana, S. A. B. de C. V.",USD millions ($M) per CIQ header,2026-10-06,"filings/capitaliq/Business Relationships & Supply Chain/Customers/SPGlobal_GrupoBimbo,S.A.B.deC.V._Customers_06-Oct-2026.xlsx",Customers,17
Recently Disclosed Customers,"Grupo Bafar, S.A.B. de C.V.","Grupo Bimbo, S.A.B. de C.V.",Customer,Packaged Foods and Meats,Mexico,2022,,,,,,,,"Grupo Bafar, S.A.B. de C.V.",USD millions ($M) per CIQ header,2026-10-06,"filings/capitaliq/Business Relationships & Supply Chain/Customers/SPGlobal_GrupoBimbo,S.A.B.deC.V._Customers_06-Oct-2026.xlsx",Customers,18
Recently Disclosed Customers,Arcos Dorados Holdings Inc.,"Grupo Bimbo, S.A.B. de C.V.",Customer,Restaurants,Uruguay,2015,,,,,,,,Arcos Dorados Holdings Inc. 20-F,USD millions ($M) per CIQ header,2026-10-06,"filings/capitaliq/Business Relationships & Supply Chain/Customers/SPGlobal_GrupoBimbo,S.A.B.deC.V._Customers_06-Oct-2026.xlsx",Customers,19
Recently Disclosed Customers,"Grupo Comercial Chedraui, S.A.B. de C.V.","Bimbo Bakeries USA, Inc.",Customer,Food Retail,Mexico,2024,,,,,,,,"Grupo Comercial Chedraui, S.A.B. de C.V.",USD millions ($M) per CIQ header,2026-10-06,"filings/capitaliq/Business Relationships & Supply Chain/Customers/SPGlobal_GrupoBimbo,S.A.B.deC.V._Customers_06-Oct-2026.xlsx",Customers,20
Recently Disclosed Customers,"Fresh Direct, LLC","Grupo Bimbo, S.A.B. de C.V.",Distributor,Other Specialty Retail,New York,2018,,,,,,,,"Grupo Bimbo, S.A.B. de C.V. FIN SUPP",USD millions ($M) per CIQ header,2026-10-06,"filings/capitaliq/Business Relationships & Supply Chain/Customers/SPGlobal_GrupoBimbo,S.A.B.deC.V._Customers_06-Oct-2026.xlsx",Customers,21
Recently Disclosed Customers,Aramark,"Grupo Bimbo, S.A.B. de C.V.",Distributor,Restaurants,Pennsylvania,2025,,,,,,,,"Grupo Bimbo, S.A.B. de C.V. FIN SUPP",USD millions ($M) per CIQ header,2026-10-06,"filings/capitaliq/Business Relationships & Supply Chain/Customers/SPGlobal_GrupoBimbo,S.A.B.deC.V._Customers_06-Oct-2026.xlsx",Customers,22
Recently Disclosed Customers,"Peapod, LLC","Grupo Bimbo, S.A.B. de C.V.",Distributor,Other Specialty Retail,Illinois,2018,,,,,,,,"Grupo Bimbo, S.A.B. de C.V. FIN SUPP",USD millions ($M) per CIQ header,2026-10-06,"filings/capitaliq/Business Relationships & Supply Chain/Customers/SPGlobal_GrupoBimbo,S.A.B.deC.V._Customers_06-Oct-2026.xlsx",Customers,23
Recently Disclosed Customers,"Yum! Brands, Inc.","Grupo Bimbo, S.A.B. de C.V.",Distributor,Restaurants,Kentucky,2018,,,,,,,,"Grupo Bimbo, S.A.B. de C.V. FIN SUPP",USD millions ($M) per CIQ header,2026-10-06,"filings/capitaliq/Business Relationships & Supply Chain/Customers/SPGlobal_GrupoBimbo,S.A.B.deC.V._Customers_06-Oct-2026.xlsx",Customers,24
Recently Disclosed Customers,KFC Corporation,"Bimbo QSR US, LLC",Distributor,Restaurants,Kentucky,2018,,,,,,,,"Grupo Bimbo, S.A.B. de C.V. FIN SUPP",USD millions ($M) per CIQ header,2026-10-06,"filings/capitaliq/Business Relationships & Supply Chain/Customers/SPGlobal_GrupoBimbo,S.A.B.deC.V._Customers_06-Oct-2026.xlsx",Customers,25
Recently Disclosed Customers,McDonald's Corporation,"Bimbo QSR US, LLC",Distributor,Restaurants,Illinois,2018,,,,,,,,"Grupo Bimbo, S.A.B. de C.V. FIN SUPP",USD millions ($M) per CIQ header,2026-10-06,"filings/capitaliq/Business Relationships & Supply Chain/Customers/SPGlobal_GrupoBimbo,S.A.B.deC.V._Customers_06-Oct-2026.xlsx",Customers,26
Recently Disclosed Customers,The Wendy's Company,"Grupo Bimbo, S.A.B. de C.V.",Distributor,Restaurants,Ohio,2018,,,,,,,,"Grupo Bimbo, S.A.B. de C.V. FIN SUPP",USD millions ($M) per CIQ header,2026-10-06,"filings/capitaliq/Business Relationships & Supply Chain/Customers/SPGlobal_GrupoBimbo,S.A.B.deC.V._Customers_06-Oct-2026.xlsx",Customers,27
Recently Disclosed Customers,The Kroger Co.,"Grupo Bimbo, S.A.B. de C.V.",Distributor,Food Retail,Ohio,2018,,,,,,,,"Grupo Bimbo, S.A.B. de C.V. FIN SUPP",USD millions ($M) per CIQ header,2026-10-06,"filings/capitaliq/Business Relationships & Supply Chain/Customers/SPGlobal_GrupoBimbo,S.A.B.deC.V._Customers_06-Oct-2026.xlsx",Customers,28
Recently Disclosed Customers,Walmart Inc.,"Grupo Bimbo, S.A.B. de C.V.",Distributor,Consumer Staples Merchandise Retail,Arkansas,2018,,,15,,,,,"Grupo Bimbo, S.A.B. de C.V. FIN SUPP",USD millions ($M) per CIQ header,2026-10-06,"filings/capitaliq/Business Relationships & Supply Chain/Customers/SPGlobal_GrupoBimbo,S.A.B.deC.V._Customers_06-Oct-2026.xlsx",Customers,29
Recently Disclosed Customers,"Sam's West, Inc.","Grupo Bimbo, S.A.B. de C.V.",Distributor,Broadline Retail,Arkansas,2025,,,,,,,,"Grupo Bimbo, S.A.B. de C.V. FIN SUPP",USD millions ($M) per CIQ header,2026-10-06,"filings/capitaliq/Business Relationships & Supply Chain/Customers/SPGlobal_GrupoBimbo,S.A.B.deC.V._Customers_06-Oct-2026.xlsx",Customers,30
Recently Disclosed Customers,Restaurant Brands International Inc.,"Grupo Bimbo, S.A.B. de C.V.",Distributor,Restaurants,Florida,2025,,,,,,,,"Grupo Bimbo, S.A.B. de C.V. FIN SUPP",USD millions ($M) per CIQ header,2026-10-06,"filings/capitaliq/Business Relationships & Supply Chain/Customers/SPGlobal_GrupoBimbo,S.A.B.deC.V._Customers_06-Oct-2026.xlsx",Customers,31
Recently Disclosed Customers,"Shop Rite, Inc.","Grupo Bimbo, S.A.B. de C.V.",Distributor,Food Retail,Louisiana,2018,,,,,,,,"Grupo Bimbo, S.A.B. de C.V. FIN SUPP",USD millions ($M) per CIQ header,2026-10-06,"filings/capitaliq/Business Relationships & Supply Chain/Customers/SPGlobal_GrupoBimbo,S.A.B.deC.V._Customers_06-Oct-2026.xlsx",Customers,32
Recently Disclosed Customers,"Albertsons Companies, Inc.","Grupo Bimbo, S.A.B. de C.V.",Distributor,Food Retail,Idaho,2018,,,,,,,,"Grupo Bimbo, S.A.B. de C.V. FIN SUPP",USD millions ($M) per CIQ header,2026-10-06,"filings/capitaliq/Business Relationships & Supply Chain/Customers/SPGlobal_GrupoBimbo,S.A.B.deC.V._Customers_06-Oct-2026.xlsx",Customers,33
Recently Disclosed Customers,Burger King Company LLC,"Bimbo QSR US, LLC",Distributor,Restaurants,Florida,2018,,,,,,,,"Grupo Bimbo, S.A.B. de C.V. FIN SUPP",USD millions ($M) per CIQ header,2026-10-06,"filings/capitaliq/Business Relationships & Supply Chain/Customers/SPGlobal_GrupoBimbo,S.A.B.deC.V._Customers_06-Oct-2026.xlsx",Customers,34
Recently Disclosed Customers,"Amazon.com, Inc.","Grupo Bimbo, S.A.B. de C.V.",Distributor,Broadline Retail,Washington,2018,,,,,,,,"Grupo Bimbo, S.A.B. de C.V. FIN SUPP",USD millions ($M) per CIQ header,2026-10-06,"filings/capitaliq/Business Relationships & Supply Chain/Customers/SPGlobal_GrupoBimbo,S.A.B.deC.V._Customers_06-Oct-2026.xlsx",Customers,35
Recently Disclosed Customers,Costco Wholesale Corporation,"Grupo Bimbo, S.A.B. de C.V.",Distributor,Consumer Staples Merchandise Retail,Washington,2018,,,,,,,,"Grupo Bimbo, S.A.B. de C.V. FIN SUPP",USD millions ($M) per CIQ header,2026-10-06,"filings/capitaliq/Business Relationships & Supply Chain/Customers/SPGlobal_GrupoBimbo,S.A.B.deC.V._Customers_06-Oct-2026.xlsx",Customers,36
Recently Disclosed Customers,Loblaw Companies Limited,"Grupo Bimbo, S.A.B. de C.V.",Distributor,Food Retail,Canada,2025,,,,,,,,"Grupo Bimbo, S.A.B. de C.V. FIN SUPP",USD millions ($M) per CIQ header,2026-10-06,"filings/capitaliq/Business Relationships & Supply Chain/Customers/SPGlobal_GrupoBimbo,S.A.B.deC.V._Customers_06-Oct-2026.xlsx",Customers,37
Recently Disclosed Customers,Sobeys Inc.,"Grupo Bimbo, S.A.B. de C.V.",Distributor,Food Retail,Canada,2018,,,,,,,,"Grupo Bimbo, S.A.B. de C.V. FIN SUPP",USD millions ($M) per CIQ header,2026-10-06,"filings/capitaliq/Business Relationships & Supply Chain/Customers/SPGlobal_GrupoBimbo,S.A.B.deC.V._Customers_06-Oct-2026.xlsx",Customers,38
Recently Disclosed Customers,Metro Inc.,"Grupo Bimbo, S.A.B. de C.V.",Distributor,Food Retail,Canada,2018,,,,,,,,"Grupo Bimbo, S.A.B. de C.V. FIN SUPP",USD millions ($M) per CIQ header,2026-10-06,"filings/capitaliq/Business Relationships & Supply Chain/Customers/SPGlobal_GrupoBimbo,S.A.B.deC.V._Customers_06-Oct-2026.xlsx",Customers,39
Recently Disclosed Customers,Carrefour SA,"Grupo Bimbo, S.A.B. de C.V.",Distributor,Consumer Staples Merchandise Retail,France,2018,,,,,,,,"Grupo Bimbo, S.A.B. de C.V. FIN SUPP",USD millions ($M) per CIQ header,2026-10-06,"filings/capitaliq/Business Relationships & Supply Chain/Customers/SPGlobal_GrupoBimbo,S.A.B.deC.V._Customers_06-Oct-2026.xlsx",Customers,40
Recently Disclosed Customers,Sodexo S.A.,"Grupo Bimbo, S.A.B. de C.V.",Distributor,Restaurants,France,2025,,,,,,,,"Grupo Bimbo, S.A.B. de C.V. FIN SUPP",USD millions ($M) per CIQ header,2026-10-06,"filings/capitaliq/Business Relationships & Supply Chain/Customers/SPGlobal_GrupoBimbo,S.A.B.deC.V._Customers_06-Oct-2026.xlsx",Customers,41
Recently Disclosed Customers,Lidl Stiftung & Co. KG,"Grupo Bimbo, S.A.B. de C.V.",Distributor,Food Retail,Germany,2025,,,,,,,,"Grupo Bimbo, S.A.B. de C.V. FIN SUPP",USD millions ($M) per CIQ header,2026-10-06,"filings/capitaliq/Business Relationships & Supply Chain/Customers/SPGlobal_GrupoBimbo,S.A.B.deC.V._Customers_06-Oct-2026.xlsx",Customers,42
Recently Disclosed Customers,Koninklijke Ahold Delhaize N.V.,"Grupo Bimbo, S.A.B. de C.V.",Distributor,Food Retail,Netherlands,2018,,,,,,,,"Grupo Bimbo, S.A.B. de C.V. FIN SUPP",USD millions ($M) per CIQ header,2026-10-06,"filings/capitaliq/Business Relationships & Supply Chain/Customers/SPGlobal_GrupoBimbo,S.A.B.deC.V._Customers_06-Oct-2026.xlsx",Customers,43
Recently Disclosed Customers,Mercadona S.A.,"Grupo Bimbo, S.A.B. de C.V.",Distributor,Food Retail,Spain,2025,,,,,,,,"Grupo Bimbo, S.A.B. de C.V. FIN SUPP",USD millions ($M) per CIQ header,2026-10-06,"filings/capitaliq/Business Relationships & Supply Chain/Customers/SPGlobal_GrupoBimbo,S.A.B.deC.V._Customers_06-Oct-2026.xlsx",Customers,44
Recently Disclosed Customers,J Sainsbury plc,"Grupo Bimbo, S.A.B. de C.V.",Distributor,Food Retail,United Kingdom,2018,,,,,,,,"Grupo Bimbo, S.A.B. de C.V. FIN SUPP",USD millions ($M) per CIQ header,2026-10-06,"filings/capitaliq/Business Relationships & Supply Chain/Customers/SPGlobal_GrupoBimbo,S.A.B.deC.V._Customers_06-Oct-2026.xlsx",Customers,45
Recently Disclosed Customers,Tesco PLC,"Grupo Bimbo, S.A.B. de C.V.",Distributor,Food Retail,United Kingdom,2018,,,,,,,,"Grupo Bimbo, S.A.B. de C.V. FIN SUPP",USD millions ($M) per CIQ header,2026-10-06,"filings/capitaliq/Business Relationships & Supply Chain/Customers/SPGlobal_GrupoBimbo,S.A.B.deC.V._Customers_06-Oct-2026.xlsx",Customers,46
Prior and Not Recently Disclosed Customers,Femsa Comercio S.A. de C.V.,"Grupo Bimbo, S.A.B. de C.V.",Customer,Food Retail,Mexico,2005,,321.343701632,,,,,,"Fomento Económico Mexicano, S.A.B. de C.V. 20-F",USD millions ($M) per CIQ header,2026-10-06,"filings/capitaliq/Business Relationships & Supply Chain/Customers/SPGlobal_GrupoBimbo,S.A.B.deC.V._Customers_06-Oct-2026.xlsx",Customers,52
Prior and Not Recently Disclosed Customers,"Grupo Bimbo, S.A.B. de C.V.",Corporativo Agroindustrial Altex Sa De C.V.,Customer,Packaged Foods and Meats,Mexico,2013,,,,,,,,"Grupo Bimbo, S.A.B. de C.V.",USD millions ($M) per CIQ header,2026-10-06,"filings/capitaliq/Business Relationships & Supply Chain/Customers/SPGlobal_GrupoBimbo,S.A.B.deC.V._Customers_06-Oct-2026.xlsx",Customers,53
Prior and Not Recently Disclosed Customers,Nando'S Group Holdings Ltd.,"Bimbo QSR US, LLC",Customer,Restaurants,South Africa,2018,,,,,,,,"Grupo Bimbo, S.A.B. de C.V. AR",USD millions ($M) per CIQ header,2026-10-06,"filings/capitaliq/Business Relationships & Supply Chain/Customers/SPGlobal_GrupoBimbo,S.A.B.deC.V._Customers_06-Oct-2026.xlsx",Customers,54
Prior and Not Recently Disclosed Customers,"3G Capital, Inc.","Grupo Bimbo, S.A.B. de C.V.",Customer,Asset Management and Custody Banks,New York,2018,,,,,,,,"Grupo Bimbo, S.A.B. de C.V. AR",USD millions ($M) per CIQ header,2026-10-06,"filings/capitaliq/Business Relationships & Supply Chain/Customers/SPGlobal_GrupoBimbo,S.A.B.deC.V._Customers_06-Oct-2026.xlsx",Customers,55
Prior and Not Recently Disclosed Customers,"Coffee Holding Co., Inc.",Entenmann's Products Inc.,Licensee,Packaged Foods and Meats,New York,2007,,,,,,,,"Coffee Holding Co., Inc. 10-K",USD millions ($M) per CIQ header,2026-10-06,"filings/capitaliq/Business Relationships & Supply Chain/Customers/SPGlobal_GrupoBimbo,S.A.B.deC.V._Customers_06-Oct-2026.xlsx",Customers,56
Prior and Not Recently Disclosed Customers,Hillshire Brands Company,"Butter Krust Baking Company, Inc.",Licensee,Packaged Foods and Meats,Illinois,2010,,,,,,,,Hillshire Brands Company 10-K,USD millions ($M) per CIQ header,2026-10-06,"filings/capitaliq/Business Relationships & Supply Chain/Customers/SPGlobal_GrupoBimbo,S.A.B.deC.V._Customers_06-Oct-2026.xlsx",Customers,57
Prior and Not Recently Disclosed Customers,Hillshire Brands Company,"Bimbo Bakeries USA, Inc.",Licensee,Packaged Foods and Meats,Illinois,2005,,,,,,,,Hillshire Brands Company 10-K,USD millions ($M) per CIQ header,2026-10-06,"filings/capitaliq/Business Relationships & Supply Chain/Customers/SPGlobal_GrupoBimbo,S.A.B.deC.V._Customers_06-Oct-2026.xlsx",Customers,58
Prior and Not Recently Disclosed Customers,Doctor's Associates LLC,"Bimbo QSR US, LLC",Customer,Restaurants,Connecticut,2018,,,,,,,,"Grupo Bimbo, S.A.B. de C.V. AR",USD millions ($M) per CIQ header,2026-10-06,"filings/capitaliq/Business Relationships & Supply Chain/Customers/SPGlobal_GrupoBimbo,S.A.B.deC.V._Customers_06-Oct-2026.xlsx",Customers,59
Prior and Not Recently Disclosed Customers,"Wendy's International, LLC","The New Bakery Company, LLC",Customer,Restaurants,Ohio,2008,,,,,,,,The Wendy's Company 10-K,USD millions ($M) per CIQ header,2026-10-06,"filings/capitaliq/Business Relationships & Supply Chain/Customers/SPGlobal_GrupoBimbo,S.A.B.deC.V._Customers_06-Oct-2026.xlsx",Customers,60
Prior and Not Recently Disclosed Customers,"Flowers Foods, Inc.","Grupo Bimbo, S.A.B. de C.V.",Licensee,Packaged Foods and Meats,Georgia,2016,,,,,,,,"Flowers Foods, Inc. 10-K",USD millions ($M) per CIQ header,2026-10-06,"filings/capitaliq/Business Relationships & Supply Chain/Customers/SPGlobal_GrupoBimbo,S.A.B.deC.V._Customers_06-Oct-2026.xlsx",Customers,61
Prior and Not Recently Disclosed Customers,Group Casino Limited,"Grupo Bimbo, S.A.B. de C.V.",Distributor,Diversified Support Services,Hong Kong,2018,,,,,,,,"Grupo Bimbo, S.A.B. de C.V. AR",USD millions ($M) per CIQ header,2026-10-06,"filings/capitaliq/Business Relationships & Supply Chain/Customers/SPGlobal_GrupoBimbo,S.A.B.deC.V._Customers_06-Oct-2026.xlsx",Customers,62
Prior and Not Recently Disclosed Customers,Cencosud S.A.,"Grupo Bimbo, S.A.B. de C.V.",Distributor,Consumer Staples Merchandise Retail,Chile,2018,,,,,,,,"Grupo Bimbo, S.A.B. de C.V. AR",USD millions ($M) per CIQ header,2026-10-06,"filings/capitaliq/Business Relationships & Supply Chain/Customers/SPGlobal_GrupoBimbo,S.A.B.deC.V._Customers_06-Oct-2026.xlsx",Customers,63
Prior and Not Recently Disclosed Customers,"Yum China Holdings, Inc.","Bimbo QSR US, LLC",Customer,Restaurants,China,2018,,,,,,,,"Grupo Bimbo, S.A.B. de C.V. AR",USD millions ($M) per CIQ header,2026-10-06,"filings/capitaliq/Business Relationships & Supply Chain/Customers/SPGlobal_GrupoBimbo,S.A.B.deC.V._Customers_06-Oct-2026.xlsx",Customers,64
Prior and Not Recently Disclosed Customers,"Zito, prehrambena industrija d.d.",Mercator Pekarna Grosuplje d.d.,Distributor,Packaged Foods and Meats,Slovenia,,,,,,,,,"Zito, prehrambena industrija d.d. AR",USD millions ($M) per CIQ header,2026-10-06,"filings/capitaliq/Business Relationships & Supply Chain/Customers/SPGlobal_GrupoBimbo,S.A.B.deC.V._Customers_06-Oct-2026.xlsx",Customers,65
Prior and Not Recently Disclosed Customers,Poslovni sistem Mercator d.d.,Mercator Pekarna Grosuplje d.d.,Customer,Consumer Staples Merchandise Retail,Slovenia,2004,,,,,,,,Poslovni sistem Mercator d.d. AR,USD millions ($M) per CIQ header,2026-10-06,"filings/capitaliq/Business Relationships & Supply Chain/Customers/SPGlobal_GrupoBimbo,S.A.B.deC.V._Customers_06-Oct-2026.xlsx",Customers,66
Prior and Not Recently Disclosed Customers,Compañía Cervecerías Unidas S.A.,Alimentos Nutra Bien S.A.,Customer,Brewers,Chile,2011,2018,,,,,,,Compañía Cervecerías Unidas S.A. 20-F,USD millions ($M) per CIQ header,2026-10-06,"filings/capitaliq/Business Relationships & Supply Chain/Customers/SPGlobal_GrupoBimbo,S.A.B.deC.V._Customers_06-Oct-2026.xlsx",Customers,67
Prior and Not Recently Disclosed Customers,Brazil Fast Food Corp.,Bimbo Do Brasil Ltda,Customer,Restaurants,Brazil,2006,,,,,,,,Brazil Fast Food Corp. 10-K,USD millions ($M) per CIQ header,2026-10-06,"filings/capitaliq/Business Relationships & Supply Chain/Customers/SPGlobal_GrupoBimbo,S.A.B.deC.V._Customers_06-Oct-2026.xlsx",Customers,68
