holder,mi_key,period,period_end,metric,value,unit,activist,source_file,sheet
BlackRock Inc.,4048287,12/31/2025,2025-12-31,Common Stock Equivalent Held,102522272,shares,No,"filings/capitaliq/OwnerShip/OwnerShip History/SPGlobal_GrupoBimbo,S.A.B.deC.V._OwnershipHistory_06-Oct-2026.xlsx",Ownership History
BlackRock Inc.,4048287,Latest,latest filing as of 2026-10-06,Common Stock Equivalent Held,104120971,shares,No,"filings/capitaliq/OwnerShip/OwnerShip History/SPGlobal_GrupoBimbo,S.A.B.deC.V._OwnershipHistory_06-Oct-2026.xlsx",Ownership History
Vanguard Capital Management LLC,137764443,12/31/2025,2025-12-31,Common Stock Equivalent Held,NA,shares,No,"filings/capitaliq/OwnerShip/OwnerShip History/SPGlobal_GrupoBimbo,S.A.B.deC.V._OwnershipHistory_06-Oct-2026.xlsx",Ownership History
Vanguard Capital Management LLC,137764443,Latest,latest filing as of 2026-10-06,Common Stock Equivalent Held,50654024,shares,No,"filings/capitaliq/OwnerShip/OwnerShip History/SPGlobal_GrupoBimbo,S.A.B.deC.V._OwnershipHistory_06-Oct-2026.xlsx",Ownership History
Dimensional Fund Advisors LP,111289,12/31/2025,2025-12-31,Common Stock Equivalent Held,8856891,shares,No,"filings/capitaliq/OwnerShip/OwnerShip History/SPGlobal_GrupoBimbo,S.A.B.deC.V._OwnershipHistory_06-Oct-2026.xlsx",Ownership History
Dimensional Fund Advisors LP,111289,Latest,latest filing as of 2026-10-06,Common Stock Equivalent Held,11755209,shares,No,"filings/capitaliq/OwnerShip/OwnerShip History/SPGlobal_GrupoBimbo,S.A.B.deC.V._OwnershipHistory_06-Oct-2026.xlsx",Ownership History
Geode Capital Management LLC,4119759,12/31/2025,2025-12-31,Common Stock Equivalent Held,6576559,shares,No,"filings/capitaliq/OwnerShip/OwnerShip History/SPGlobal_GrupoBimbo,S.A.B.deC.V._OwnershipHistory_06-Oct-2026.xlsx",Ownership History
Geode Capital Management LLC,4119759,Latest,latest filing as of 2026-10-06,Common Stock Equivalent Held,6721307,shares,No,"filings/capitaliq/OwnerShip/OwnerShip History/SPGlobal_GrupoBimbo,S.A.B.deC.V._OwnershipHistory_06-Oct-2026.xlsx",Ownership History
Charles Schwab Investment Management Inc.,4048695,12/31/2025,2025-12-31,Common Stock Equivalent Held,5625224,shares,No,"filings/capitaliq/OwnerShip/OwnerShip History/SPGlobal_GrupoBimbo,S.A.B.deC.V._OwnershipHistory_06-Oct-2026.xlsx",Ownership History
Charles Schwab Investment Management Inc.,4048695,Latest,latest filing as of 2026-10-06,Common Stock Equivalent Held,5233843,shares,No,"filings/capitaliq/OwnerShip/OwnerShip History/SPGlobal_GrupoBimbo,S.A.B.deC.V._OwnershipHistory_06-Oct-2026.xlsx",Ownership History
Deutsche Asset & Wealth Management,111219,12/31/2025,2025-12-31,Common Stock Equivalent Held,5018549,shares,No,"filings/capitaliq/OwnerShip/OwnerShip History/SPGlobal_GrupoBimbo,S.A.B.deC.V._OwnershipHistory_06-Oct-2026.xlsx",Ownership History
Deutsche Asset & Wealth Management,111219,Latest,latest filing as of 2026-10-06,Common Stock Equivalent Held,5018549,shares,No,"filings/capitaliq/OwnerShip/OwnerShip History/SPGlobal_GrupoBimbo,S.A.B.deC.V._OwnershipHistory_06-Oct-2026.xlsx",Ownership History
State Street Investment Management,110652,12/31/2025,2025-12-31,Common Stock Equivalent Held,4055354,shares,No,"filings/capitaliq/OwnerShip/OwnerShip History/SPGlobal_GrupoBimbo,S.A.B.deC.V._OwnershipHistory_06-Oct-2026.xlsx",Ownership History
State Street Investment Management,110652,Latest,latest filing as of 2026-10-06,Common Stock Equivalent Held,4424954,shares,No,"filings/capitaliq/OwnerShip/OwnerShip History/SPGlobal_GrupoBimbo,S.A.B.deC.V._OwnershipHistory_06-Oct-2026.xlsx",Ownership History
GAMCO Investors Inc.,4018163,12/31/2025,2025-12-31,Common Stock Equivalent Held,4207000,shares,Yes,"filings/capitaliq/OwnerShip/OwnerShip History/SPGlobal_GrupoBimbo,S.A.B.deC.V._OwnershipHistory_06-Oct-2026.xlsx",Ownership History
GAMCO Investors Inc.,4018163,Latest,latest filing as of 2026-10-06,Common Stock Equivalent Held,4190000,shares,Yes,"filings/capitaliq/OwnerShip/OwnerShip History/SPGlobal_GrupoBimbo,S.A.B.deC.V._OwnershipHistory_06-Oct-2026.xlsx",Ownership History
UBS Asset Management AG,4674815,12/31/2025,2025-12-31,Common Stock Equivalent Held,4084718,shares,No,"filings/capitaliq/OwnerShip/OwnerShip History/SPGlobal_GrupoBimbo,S.A.B.deC.V._OwnershipHistory_06-Oct-2026.xlsx",Ownership History
UBS Asset Management AG,4674815,Latest,latest filing as of 2026-10-06,Common Stock Equivalent Held,4118618,shares,No,"filings/capitaliq/OwnerShip/OwnerShip History/SPGlobal_GrupoBimbo,S.A.B.deC.V._OwnershipHistory_06-Oct-2026.xlsx",Ownership History
Amundi Asset Management SAS,4026948,12/31/2025,2025-12-31,Common Stock Equivalent Held,4207680,shares,No,"filings/capitaliq/OwnerShip/OwnerShip History/SPGlobal_GrupoBimbo,S.A.B.deC.V._OwnershipHistory_06-Oct-2026.xlsx",Ownership History
Amundi Asset Management SAS,4026948,Latest,latest filing as of 2026-10-06,Common Stock Equivalent Held,3825490,shares,No,"filings/capitaliq/OwnerShip/OwnerShip History/SPGlobal_GrupoBimbo,S.A.B.deC.V._OwnershipHistory_06-Oct-2026.xlsx",Ownership History
Sjunde AP-fonden,4140101,12/31/2025,2025-12-31,Common Stock Equivalent Held,2965481,shares,No,"filings/capitaliq/OwnerShip/OwnerShip History/SPGlobal_GrupoBimbo,S.A.B.deC.V._OwnershipHistory_06-Oct-2026.xlsx",Ownership History
Sjunde AP-fonden,4140101,Latest,latest filing as of 2026-10-06,Common Stock Equivalent Held,2965481,shares,No,"filings/capitaliq/OwnerShip/OwnerShip History/SPGlobal_GrupoBimbo,S.A.B.deC.V._OwnershipHistory_06-Oct-2026.xlsx",Ownership History
Vanguard Asset Management Ltd.,4723508,12/31/2025,2025-12-31,Common Stock Equivalent Held,NA,shares,No,"filings/capitaliq/OwnerShip/OwnerShip History/SPGlobal_GrupoBimbo,S.A.B.deC.V._OwnershipHistory_06-Oct-2026.xlsx",Ownership History
Vanguard Asset Management Ltd.,4723508,Latest,latest filing as of 2026-10-06,Common Stock Equivalent Held,2469107,shares,No,"filings/capitaliq/OwnerShip/OwnerShip History/SPGlobal_GrupoBimbo,S.A.B.deC.V._OwnershipHistory_06-Oct-2026.xlsx",Ownership History
Canada Pension Plan Investment Board,4153483,12/31/2025,2025-12-31,Common Stock Equivalent Held,3925000,shares,No,"filings/capitaliq/OwnerShip/OwnerShip History/SPGlobal_GrupoBimbo,S.A.B.deC.V._OwnershipHistory_06-Oct-2026.xlsx",Ownership History
Canada Pension Plan Investment Board,4153483,Latest,latest filing as of 2026-10-06,Common Stock Equivalent Held,2244000,shares,No,"filings/capitaliq/OwnerShip/OwnerShip History/SPGlobal_GrupoBimbo,S.A.B.deC.V._OwnershipHistory_06-Oct-2026.xlsx",Ownership History
Northern Trust Global Investments,4272373,12/31/2025,2025-12-31,Common Stock Equivalent Held,2221071,shares,No,"filings/capitaliq/OwnerShip/OwnerShip History/SPGlobal_GrupoBimbo,S.A.B.deC.V._OwnershipHistory_06-Oct-2026.xlsx",Ownership History
Northern Trust Global Investments,4272373,Latest,latest filing as of 2026-10-06,Common Stock Equivalent Held,2196471,shares,No,"filings/capitaliq/OwnerShip/OwnerShip History/SPGlobal_GrupoBimbo,S.A.B.deC.V._OwnershipHistory_06-Oct-2026.xlsx",Ownership History
VIGM S.A. De C.V. Asesor En Inversiones Independiente,15139885,12/31/2025,2025-12-31,Common Stock Equivalent Held,2235170,shares,No,"filings/capitaliq/OwnerShip/OwnerShip History/SPGlobal_GrupoBimbo,S.A.B.deC.V._OwnershipHistory_06-Oct-2026.xlsx",Ownership History
VIGM S.A. De C.V. Asesor En Inversiones Independiente,15139885,Latest,latest filing as of 2026-10-06,Common Stock Equivalent Held,2085760,shares,No,"filings/capitaliq/OwnerShip/OwnerShip History/SPGlobal_GrupoBimbo,S.A.B.deC.V._OwnershipHistory_06-Oct-2026.xlsx",Ownership History
Impulsora Del Fondo Mexico SC,4118867,12/31/2025,2025-12-31,Common Stock Equivalent Held,2200000,shares,No,"filings/capitaliq/OwnerShip/OwnerShip History/SPGlobal_GrupoBimbo,S.A.B.deC.V._OwnershipHistory_06-Oct-2026.xlsx",Ownership History
Impulsora Del Fondo Mexico SC,4118867,Latest,latest filing as of 2026-10-06,Common Stock Equivalent Held,1800000,shares,No,"filings/capitaliq/OwnerShip/OwnerShip History/SPGlobal_GrupoBimbo,S.A.B.deC.V._OwnershipHistory_06-Oct-2026.xlsx",Ownership History
Mitsubishi UFJ Asset Management Co. Ltd.,4607441,12/31/2025,2025-12-31,Common Stock Equivalent Held,1463100,shares,No,"filings/capitaliq/OwnerShip/OwnerShip History/SPGlobal_GrupoBimbo,S.A.B.deC.V._OwnershipHistory_06-Oct-2026.xlsx",Ownership History
Mitsubishi UFJ Asset Management Co. Ltd.,4607441,Latest,latest filing as of 2026-10-06,Common Stock Equivalent Held,1463100,shares,No,"filings/capitaliq/OwnerShip/OwnerShip History/SPGlobal_GrupoBimbo,S.A.B.deC.V._OwnershipHistory_06-Oct-2026.xlsx",Ownership History
Royal London Asset Management Ltd.,4138770,12/31/2025,2025-12-31,Common Stock Equivalent Held,1380241,shares,Yes,"filings/capitaliq/OwnerShip/OwnerShip History/SPGlobal_GrupoBimbo,S.A.B.deC.V._OwnershipHistory_06-Oct-2026.xlsx",Ownership History
Royal London Asset Management Ltd.,4138770,Latest,latest filing as of 2026-10-06,Common Stock Equivalent Held,1380241,shares,Yes,"filings/capitaliq/OwnerShip/OwnerShip History/SPGlobal_GrupoBimbo,S.A.B.deC.V._OwnershipHistory_06-Oct-2026.xlsx",Ownership History
Goldman Sachs Asset Management LP,110587,12/31/2025,2025-12-31,Common Stock Equivalent Held,872766,shares,No,"filings/capitaliq/OwnerShip/OwnerShip History/SPGlobal_GrupoBimbo,S.A.B.deC.V._OwnershipHistory_06-Oct-2026.xlsx",Ownership History
Goldman Sachs Asset Management LP,110587,Latest,latest filing as of 2026-10-06,Common Stock Equivalent Held,1170937,shares,No,"filings/capitaliq/OwnerShip/OwnerShip History/SPGlobal_GrupoBimbo,S.A.B.deC.V._OwnershipHistory_06-Oct-2026.xlsx",Ownership History
Teachers Insurance and Annuity Association-College Retirement Equities Fund,4270330,12/31/2025,2025-12-31,Common Stock Equivalent Held,1071941,shares,No,"filings/capitaliq/OwnerShip/OwnerShip History/SPGlobal_GrupoBimbo,S.A.B.deC.V._OwnershipHistory_06-Oct-2026.xlsx",Ownership History
Teachers Insurance and Annuity Association-College Retirement Equities Fund,4270330,Latest,latest filing as of 2026-10-06,Common Stock Equivalent Held,1080641,shares,No,"filings/capitaliq/OwnerShip/OwnerShip History/SPGlobal_GrupoBimbo,S.A.B.deC.V._OwnershipHistory_06-Oct-2026.xlsx",Ownership History
Nuveen Asset Management,110895,12/31/2025,2025-12-31,Common Stock Equivalent Held,1137589,shares,No,"filings/capitaliq/OwnerShip/OwnerShip History/SPGlobal_GrupoBimbo,S.A.B.deC.V._OwnershipHistory_06-Oct-2026.xlsx",Ownership History
Nuveen Asset Management,110895,Latest,latest filing as of 2026-10-06,Common Stock Equivalent Held,1056189,shares,No,"filings/capitaliq/OwnerShip/OwnerShip History/SPGlobal_GrupoBimbo,S.A.B.deC.V._OwnershipHistory_06-Oct-2026.xlsx",Ownership History
HSBC Global Asset Management (UK) Ltd.,4115698,12/31/2025,2025-12-31,Common Stock Equivalent Held,891701,shares,No,"filings/capitaliq/OwnerShip/OwnerShip History/SPGlobal_GrupoBimbo,S.A.B.deC.V._OwnershipHistory_06-Oct-2026.xlsx",Ownership History
HSBC Global Asset Management (UK) Ltd.,4115698,Latest,latest filing as of 2026-10-06,Common Stock Equivalent Held,950928,shares,No,"filings/capitaliq/OwnerShip/OwnerShip History/SPGlobal_GrupoBimbo,S.A.B.deC.V._OwnershipHistory_06-Oct-2026.xlsx",Ownership History
Inspire Investing LLC,4904663,12/31/2025,2025-12-31,Common Stock Equivalent Held,662320,shares,No,"filings/capitaliq/OwnerShip/OwnerShip History/SPGlobal_GrupoBimbo,S.A.B.deC.V._OwnershipHistory_06-Oct-2026.xlsx",Ownership History
Inspire Investing LLC,4904663,Latest,latest filing as of 2026-10-06,Common Stock Equivalent Held,931132,shares,No,"filings/capitaliq/OwnerShip/OwnerShip History/SPGlobal_GrupoBimbo,S.A.B.deC.V._OwnershipHistory_06-Oct-2026.xlsx",Ownership History
Aviva Investors Global Services Ltd.,4376121,12/31/2025,2025-12-31,Common Stock Equivalent Held,926342,shares,No,"filings/capitaliq/OwnerShip/OwnerShip History/SPGlobal_GrupoBimbo,S.A.B.deC.V._OwnershipHistory_06-Oct-2026.xlsx",Ownership History
Aviva Investors Global Services Ltd.,4376121,Latest,latest filing as of 2026-10-06,Common Stock Equivalent Held,912988,shares,No,"filings/capitaliq/OwnerShip/OwnerShip History/SPGlobal_GrupoBimbo,S.A.B.deC.V._OwnershipHistory_06-Oct-2026.xlsx",Ownership History
Phoenix Unit Trust Managers Ltd.,7834181,12/31/2025,2025-12-31,Common Stock Equivalent Held,797233,shares,No,"filings/capitaliq/OwnerShip/OwnerShip History/SPGlobal_GrupoBimbo,S.A.B.deC.V._OwnershipHistory_06-Oct-2026.xlsx",Ownership History
Phoenix Unit Trust Managers Ltd.,7834181,Latest,latest filing as of 2026-10-06,Common Stock Equivalent Held,797233,shares,No,"filings/capitaliq/OwnerShip/OwnerShip History/SPGlobal_GrupoBimbo,S.A.B.deC.V._OwnershipHistory_06-Oct-2026.xlsx",Ownership History
KBC Asset Management NV,4111901,12/31/2025,2025-12-31,Common Stock Equivalent Held,631630,shares,No,"filings/capitaliq/OwnerShip/OwnerShip History/SPGlobal_GrupoBimbo,S.A.B.deC.V._OwnershipHistory_06-Oct-2026.xlsx",Ownership History
KBC Asset Management NV,4111901,Latest,latest filing as of 2026-10-06,Common Stock Equivalent Held,742537,shares,No,"filings/capitaliq/OwnerShip/OwnerShip History/SPGlobal_GrupoBimbo,S.A.B.deC.V._OwnershipHistory_06-Oct-2026.xlsx",Ownership History
American Century Investment Management Inc,111074,12/31/2025,2025-12-31,Common Stock Equivalent Held,434370,shares,No,"filings/capitaliq/OwnerShip/OwnerShip History/SPGlobal_GrupoBimbo,S.A.B.deC.V._OwnershipHistory_06-Oct-2026.xlsx",Ownership History
American Century Investment Management Inc,111074,Latest,latest filing as of 2026-10-06,Common Stock Equivalent Held,727757,shares,No,"filings/capitaliq/OwnerShip/OwnerShip History/SPGlobal_GrupoBimbo,S.A.B.deC.V._OwnershipHistory_06-Oct-2026.xlsx",Ownership History
La Caisse de dépôt et placement du Québec,110573,12/31/2025,2025-12-31,Common Stock Equivalent Held,723708,shares,No,"filings/capitaliq/OwnerShip/OwnerShip History/SPGlobal_GrupoBimbo,S.A.B.deC.V._OwnershipHistory_06-Oct-2026.xlsx",Ownership History
La Caisse de dépôt et placement du Québec,110573,Latest,latest filing as of 2026-10-06,Common Stock Equivalent Held,723708,shares,No,"filings/capitaliq/OwnerShip/OwnerShip History/SPGlobal_GrupoBimbo,S.A.B.deC.V._OwnershipHistory_06-Oct-2026.xlsx",Ownership History
Franklin Templeton Inc.,102719,12/31/2025,2025-12-31,Common Stock Equivalent Held,528693,shares,No,"filings/capitaliq/OwnerShip/OwnerShip History/SPGlobal_GrupoBimbo,S.A.B.deC.V._OwnershipHistory_06-Oct-2026.xlsx",Ownership History
Franklin Templeton Inc.,102719,Latest,latest filing as of 2026-10-06,Common Stock Equivalent Held,711144,shares,No,"filings/capitaliq/OwnerShip/OwnerShip History/SPGlobal_GrupoBimbo,S.A.B.deC.V._OwnershipHistory_06-Oct-2026.xlsx",Ownership History
Empowered Funds LLC,4556191,12/31/2025,2025-12-31,Common Stock Equivalent Held,394438,shares,No,"filings/capitaliq/OwnerShip/OwnerShip History/SPGlobal_GrupoBimbo,S.A.B.deC.V._OwnershipHistory_06-Oct-2026.xlsx",Ownership History
Empowered Funds LLC,4556191,Latest,latest filing as of 2026-10-06,Common Stock Equivalent Held,637446,shares,No,"filings/capitaliq/OwnerShip/OwnerShip History/SPGlobal_GrupoBimbo,S.A.B.deC.V._OwnershipHistory_06-Oct-2026.xlsx",Ownership History
Mercer Global Investments Europe Limited,5759394,12/31/2025,2025-12-31,Common Stock Equivalent Held,626263,shares,No,"filings/capitaliq/OwnerShip/OwnerShip History/SPGlobal_GrupoBimbo,S.A.B.deC.V._OwnershipHistory_06-Oct-2026.xlsx",Ownership History
Mercer Global Investments Europe Limited,5759394,Latest,latest filing as of 2026-10-06,Common Stock Equivalent Held,626263,shares,No,"filings/capitaliq/OwnerShip/OwnerShip History/SPGlobal_GrupoBimbo,S.A.B.deC.V._OwnershipHistory_06-Oct-2026.xlsx",Ownership History
Fideuram Asset Management (Ireland) DAC,4140503,12/31/2025,2025-12-31,Common Stock Equivalent Held,274945,shares,No,"filings/capitaliq/OwnerShip/OwnerShip History/SPGlobal_GrupoBimbo,S.A.B.deC.V._OwnershipHistory_06-Oct-2026.xlsx",Ownership History
Fideuram Asset Management (Ireland) DAC,4140503,Latest,latest filing as of 2026-10-06,Common Stock Equivalent Held,455821,shares,No,"filings/capitaliq/OwnerShip/OwnerShip History/SPGlobal_GrupoBimbo,S.A.B.deC.V._OwnershipHistory_06-Oct-2026.xlsx",Ownership History
Swiss Rock Asset Management AG,4251516,12/31/2025,2025-12-31,Common Stock Equivalent Held,448300,shares,No,"filings/capitaliq/OwnerShip/OwnerShip History/SPGlobal_GrupoBimbo,S.A.B.deC.V._OwnershipHistory_06-Oct-2026.xlsx",Ownership History
Swiss Rock Asset Management AG,4251516,Latest,latest filing as of 2026-10-06,Common Stock Equivalent Held,448300,shares,No,"filings/capitaliq/OwnerShip/OwnerShip History/SPGlobal_GrupoBimbo,S.A.B.deC.V._OwnershipHistory_06-Oct-2026.xlsx",Ownership History
Legal & General Investment Management Ltd.,4139862,12/31/2025,2025-12-31,Common Stock Equivalent Held,436791,shares,No,"filings/capitaliq/OwnerShip/OwnerShip History/SPGlobal_GrupoBimbo,S.A.B.deC.V._OwnershipHistory_06-Oct-2026.xlsx",Ownership History
Legal & General Investment Management Ltd.,4139862,Latest,latest filing as of 2026-10-06,Common Stock Equivalent Held,436791,shares,No,"filings/capitaliq/OwnerShip/OwnerShip History/SPGlobal_GrupoBimbo,S.A.B.deC.V._OwnershipHistory_06-Oct-2026.xlsx",Ownership History
Pichardo Asset Management S.A. DE C.V.,4117496,12/31/2025,2025-12-31,Common Stock Equivalent Held,735118,shares,No,"filings/capitaliq/OwnerShip/OwnerShip History/SPGlobal_GrupoBimbo,S.A.B.deC.V._OwnershipHistory_06-Oct-2026.xlsx",Ownership History
Pichardo Asset Management S.A. DE C.V.,4117496,Latest,latest filing as of 2026-10-06,Common Stock Equivalent Held,424118,shares,No,"filings/capitaliq/OwnerShip/OwnerShip History/SPGlobal_GrupoBimbo,S.A.B.deC.V._OwnershipHistory_06-Oct-2026.xlsx",Ownership History
BNP Paribas Asset Management Europe,4784107,12/31/2025,2025-12-31,Common Stock Equivalent Held,415384,shares,No,"filings/capitaliq/OwnerShip/OwnerShip History/SPGlobal_GrupoBimbo,S.A.B.deC.V._OwnershipHistory_06-Oct-2026.xlsx",Ownership History
BNP Paribas Asset Management Europe,4784107,Latest,latest filing as of 2026-10-06,Common Stock Equivalent Held,415384,shares,No,"filings/capitaliq/OwnerShip/OwnerShip History/SPGlobal_GrupoBimbo,S.A.B.deC.V._OwnershipHistory_06-Oct-2026.xlsx",Ownership History
Invesco Capital Management LLC,4117611,12/31/2025,2025-12-31,Common Stock Equivalent Held,370459,shares,No,"filings/capitaliq/OwnerShip/OwnerShip History/SPGlobal_GrupoBimbo,S.A.B.deC.V._OwnershipHistory_06-Oct-2026.xlsx",Ownership History
Invesco Capital Management LLC,4117611,Latest,latest filing as of 2026-10-06,Common Stock Equivalent Held,367516,shares,No,"filings/capitaliq/OwnerShip/OwnerShip History/SPGlobal_GrupoBimbo,S.A.B.deC.V._OwnershipHistory_06-Oct-2026.xlsx",Ownership History
KLP Kapitalforvaltning AS,4138888,12/31/2025,2025-12-31,Common Stock Equivalent Held,301228,shares,No,"filings/capitaliq/OwnerShip/OwnerShip History/SPGlobal_GrupoBimbo,S.A.B.deC.V._OwnershipHistory_06-Oct-2026.xlsx",Ownership History
KLP Kapitalforvaltning AS,4138888,Latest,latest filing as of 2026-10-06,Common Stock Equivalent Held,336328,shares,No,"filings/capitaliq/OwnerShip/OwnerShip History/SPGlobal_GrupoBimbo,S.A.B.deC.V._OwnershipHistory_06-Oct-2026.xlsx",Ownership History
BNY Asset Management,4057506,12/31/2025,2025-12-31,Common Stock Equivalent Held,301520,shares,No,"filings/capitaliq/OwnerShip/OwnerShip History/SPGlobal_GrupoBimbo,S.A.B.deC.V._OwnershipHistory_06-Oct-2026.xlsx",Ownership History
BNY Asset Management,4057506,Latest,latest filing as of 2026-10-06,Common Stock Equivalent Held,331559,shares,No,"filings/capitaliq/OwnerShip/OwnerShip History/SPGlobal_GrupoBimbo,S.A.B.deC.V._OwnershipHistory_06-Oct-2026.xlsx",Ownership History
BMO Asset Management Corp.,109988,12/31/2025,2025-12-31,Common Stock Equivalent Held,146600,shares,No,"filings/capitaliq/OwnerShip/OwnerShip History/SPGlobal_GrupoBimbo,S.A.B.deC.V._OwnershipHistory_06-Oct-2026.xlsx",Ownership History
BMO Asset Management Corp.,109988,Latest,latest filing as of 2026-10-06,Common Stock Equivalent Held,331500,shares,No,"filings/capitaliq/OwnerShip/OwnerShip History/SPGlobal_GrupoBimbo,S.A.B.deC.V._OwnershipHistory_06-Oct-2026.xlsx",Ownership History
Fidelity International Ltd.,4020980,12/31/2025,2025-12-31,Common Stock Equivalent Held,316500,shares,No,"filings/capitaliq/OwnerShip/OwnerShip History/SPGlobal_GrupoBimbo,S.A.B.deC.V._OwnershipHistory_06-Oct-2026.xlsx",Ownership History
Fidelity International Ltd.,4020980,Latest,latest filing as of 2026-10-06,Common Stock Equivalent Held,315300,shares,No,"filings/capitaliq/OwnerShip/OwnerShip History/SPGlobal_GrupoBimbo,S.A.B.deC.V._OwnershipHistory_06-Oct-2026.xlsx",Ownership History
SEB Funds AB,4256960,12/31/2025,2025-12-31,Common Stock Equivalent Held,288177,shares,No,"filings/capitaliq/OwnerShip/OwnerShip History/SPGlobal_GrupoBimbo,S.A.B.deC.V._OwnershipHistory_06-Oct-2026.xlsx",Ownership History
SEB Funds AB,4256960,Latest,latest filing as of 2026-10-06,Common Stock Equivalent Held,288177,shares,No,"filings/capitaliq/OwnerShip/OwnerShip History/SPGlobal_GrupoBimbo,S.A.B.deC.V._OwnershipHistory_06-Oct-2026.xlsx",Ownership History
Sumitomo Mitsui Trust Asset Management Co. Ltd.,4318240,12/31/2025,2025-12-31,Common Stock Equivalent Held,279600,shares,No,"filings/capitaliq/OwnerShip/OwnerShip History/SPGlobal_GrupoBimbo,S.A.B.deC.V._OwnershipHistory_06-Oct-2026.xlsx",Ownership History
Sumitomo Mitsui Trust Asset Management Co. Ltd.,4318240,Latest,latest filing as of 2026-10-06,Common Stock Equivalent Held,279600,shares,No,"filings/capitaliq/OwnerShip/OwnerShip History/SPGlobal_GrupoBimbo,S.A.B.deC.V._OwnershipHistory_06-Oct-2026.xlsx",Ownership History
Aberdeen Group PLC,4145085,12/31/2025,2025-12-31,Common Stock Equivalent Held,252284,shares,No,"filings/capitaliq/OwnerShip/OwnerShip History/SPGlobal_GrupoBimbo,S.A.B.deC.V._OwnershipHistory_06-Oct-2026.xlsx",Ownership History
Aberdeen Group PLC,4145085,Latest,latest filing as of 2026-10-06,Common Stock Equivalent Held,252284,shares,No,"filings/capitaliq/OwnerShip/OwnerShip History/SPGlobal_GrupoBimbo,S.A.B.deC.V._OwnershipHistory_06-Oct-2026.xlsx",Ownership History
Degroof Petercam Asset Management,4377155,12/31/2025,2025-12-31,Common Stock Equivalent Held,244502,shares,No,"filings/capitaliq/OwnerShip/OwnerShip History/SPGlobal_GrupoBimbo,S.A.B.deC.V._OwnershipHistory_06-Oct-2026.xlsx",Ownership History
Degroof Petercam Asset Management,4377155,Latest,latest filing as of 2026-10-06,Common Stock Equivalent Held,244502,shares,No,"filings/capitaliq/OwnerShip/OwnerShip History/SPGlobal_GrupoBimbo,S.A.B.deC.V._OwnershipHistory_06-Oct-2026.xlsx",Ownership History
WisdomTree Asset Management Inc.,4145691,12/31/2025,2025-12-31,Common Stock Equivalent Held,245947,shares,No,"filings/capitaliq/OwnerShip/OwnerShip History/SPGlobal_GrupoBimbo,S.A.B.deC.V._OwnershipHistory_06-Oct-2026.xlsx",Ownership History
WisdomTree Asset Management Inc.,4145691,Latest,latest filing as of 2026-10-06,Common Stock Equivalent Held,242193,shares,No,"filings/capitaliq/OwnerShip/OwnerShip History/SPGlobal_GrupoBimbo,S.A.B.deC.V._OwnershipHistory_06-Oct-2026.xlsx",Ownership History
Storebrand Asset Management AS,4336776,12/31/2025,2025-12-31,Common Stock Equivalent Held,237508,shares,No,"filings/capitaliq/OwnerShip/OwnerShip History/SPGlobal_GrupoBimbo,S.A.B.deC.V._OwnershipHistory_06-Oct-2026.xlsx",Ownership History
Storebrand Asset Management AS,4336776,Latest,latest filing as of 2026-10-06,Common Stock Equivalent Held,237508,shares,No,"filings/capitaliq/OwnerShip/OwnerShip History/SPGlobal_GrupoBimbo,S.A.B.deC.V._OwnershipHistory_06-Oct-2026.xlsx",Ownership History
Nomura Asset Management Co. Ltd.,4048507,12/31/2025,2025-12-31,Common Stock Equivalent Held,172900,shares,No,"filings/capitaliq/OwnerShip/OwnerShip History/SPGlobal_GrupoBimbo,S.A.B.deC.V._OwnershipHistory_06-Oct-2026.xlsx",Ownership History
Nomura Asset Management Co. Ltd.,4048507,Latest,latest filing as of 2026-10-06,Common Stock Equivalent Held,224600,shares,No,"filings/capitaliq/OwnerShip/OwnerShip History/SPGlobal_GrupoBimbo,S.A.B.deC.V._OwnershipHistory_06-Oct-2026.xlsx",Ownership History
Eurizon Capital SGR SpA,4324456,12/31/2025,2025-12-31,Common Stock Equivalent Held,210910,shares,No,"filings/capitaliq/OwnerShip/OwnerShip History/SPGlobal_GrupoBimbo,S.A.B.deC.V._OwnershipHistory_06-Oct-2026.xlsx",Ownership History
Eurizon Capital SGR SpA,4324456,Latest,latest filing as of 2026-10-06,Common Stock Equivalent Held,210910,shares,No,"filings/capitaliq/OwnerShip/OwnerShip History/SPGlobal_GrupoBimbo,S.A.B.deC.V._OwnershipHistory_06-Oct-2026.xlsx",Ownership History
Danske Bank A/S,4080954,12/31/2025,2025-12-31,Common Stock Equivalent Held,191494,shares,No,"filings/capitaliq/OwnerShip/OwnerShip History/SPGlobal_GrupoBimbo,S.A.B.deC.V._OwnershipHistory_06-Oct-2026.xlsx",Ownership History
Danske Bank A/S,4080954,Latest,latest filing as of 2026-10-06,Common Stock Equivalent Held,191494,shares,No,"filings/capitaliq/OwnerShip/OwnerShip History/SPGlobal_GrupoBimbo,S.A.B.deC.V._OwnershipHistory_06-Oct-2026.xlsx",Ownership History
Manulife Asset Management,5747632,12/31/2025,2025-12-31,Common Stock Equivalent Held,172157,shares,No,"filings/capitaliq/OwnerShip/OwnerShip History/SPGlobal_GrupoBimbo,S.A.B.deC.V._OwnershipHistory_06-Oct-2026.xlsx",Ownership History
Manulife Asset Management,5747632,Latest,latest filing as of 2026-10-06,Common Stock Equivalent Held,191357,shares,No,"filings/capitaliq/OwnerShip/OwnerShip History/SPGlobal_GrupoBimbo,S.A.B.deC.V._OwnershipHistory_06-Oct-2026.xlsx",Ownership History
Eaton Vance Management,109754,12/31/2025,2025-12-31,Common Stock Equivalent Held,189553,shares,No,"filings/capitaliq/OwnerShip/OwnerShip History/SPGlobal_GrupoBimbo,S.A.B.deC.V._OwnershipHistory_06-Oct-2026.xlsx",Ownership History
Eaton Vance Management,109754,Latest,latest filing as of 2026-10-06,Common Stock Equivalent Held,189553,shares,No,"filings/capitaliq/OwnerShip/OwnerShip History/SPGlobal_GrupoBimbo,S.A.B.deC.V._OwnershipHistory_06-Oct-2026.xlsx",Ownership History
Norges Bank Investment Management,4138467,12/31/2025,2025-12-31,Common Stock Equivalent Held,0,shares,No,"filings/capitaliq/OwnerShip/OwnerShip History/SPGlobal_GrupoBimbo,S.A.B.deC.V._OwnershipHistory_06-Oct-2026.xlsx",Ownership History
Norges Bank Investment Management,4138467,Latest,latest filing as of 2026-10-06,Common Stock Equivalent Held,167294,shares,No,"filings/capitaliq/OwnerShip/OwnerShip History/SPGlobal_GrupoBimbo,S.A.B.deC.V._OwnershipHistory_06-Oct-2026.xlsx",Ownership History
Pictet Asset Management Ltd.,111267,12/31/2025,2025-12-31,Common Stock Equivalent Held,137200,shares,No,"filings/capitaliq/OwnerShip/OwnerShip History/SPGlobal_GrupoBimbo,S.A.B.deC.V._OwnershipHistory_06-Oct-2026.xlsx",Ownership History
Pictet Asset Management Ltd.,111267,Latest,latest filing as of 2026-10-06,Common Stock Equivalent Held,137200,shares,No,"filings/capitaliq/OwnerShip/OwnerShip History/SPGlobal_GrupoBimbo,S.A.B.deC.V._OwnershipHistory_06-Oct-2026.xlsx",Ownership History
Amova Asset Management Co. Ltd.,4107954,12/31/2025,2025-12-31,Common Stock Equivalent Held,126000,shares,No,"filings/capitaliq/OwnerShip/OwnerShip History/SPGlobal_GrupoBimbo,S.A.B.deC.V._OwnershipHistory_06-Oct-2026.xlsx",Ownership History
Amova Asset Management Co. Ltd.,4107954,Latest,latest filing as of 2026-10-06,Common Stock Equivalent Held,126000,shares,No,"filings/capitaliq/OwnerShip/OwnerShip History/SPGlobal_GrupoBimbo,S.A.B.deC.V._OwnershipHistory_06-Oct-2026.xlsx",Ownership History
Asset Management One Co. Ltd.,4120033,12/31/2025,2025-12-31,Common Stock Equivalent Held,105200,shares,No,"filings/capitaliq/OwnerShip/OwnerShip History/SPGlobal_GrupoBimbo,S.A.B.deC.V._OwnershipHistory_06-Oct-2026.xlsx",Ownership History
Asset Management One Co. Ltd.,4120033,Latest,latest filing as of 2026-10-06,Common Stock Equivalent Held,123400,shares,No,"filings/capitaliq/OwnerShip/OwnerShip History/SPGlobal_GrupoBimbo,S.A.B.deC.V._OwnershipHistory_06-Oct-2026.xlsx",Ownership History
Voya Investment Management LLC,4048215,12/31/2025,2025-12-31,Common Stock Equivalent Held,65171,shares,No,"filings/capitaliq/OwnerShip/OwnerShip History/SPGlobal_GrupoBimbo,S.A.B.deC.V._OwnershipHistory_06-Oct-2026.xlsx",Ownership History
Voya Investment Management LLC,4048215,Latest,latest filing as of 2026-10-06,Common Stock Equivalent Held,123329,shares,No,"filings/capitaliq/OwnerShip/OwnerShip History/SPGlobal_GrupoBimbo,S.A.B.deC.V._OwnershipHistory_06-Oct-2026.xlsx",Ownership History
Operadora de Fondos GBM S.A. de C.V,5762490,12/31/2025,2025-12-31,Common Stock Equivalent Held,100000,shares,No,"filings/capitaliq/OwnerShip/OwnerShip History/SPGlobal_GrupoBimbo,S.A.B.deC.V._OwnershipHistory_06-Oct-2026.xlsx",Ownership History
Operadora de Fondos GBM S.A. de C.V,5762490,Latest,latest filing as of 2026-10-06,Common Stock Equivalent Held,100000,shares,No,"filings/capitaliq/OwnerShip/OwnerShip History/SPGlobal_GrupoBimbo,S.A.B.deC.V._OwnershipHistory_06-Oct-2026.xlsx",Ownership History
Sierra Capital LLC,4118941,12/31/2025,2025-12-31,Common Stock Equivalent Held,NA,shares,No,"filings/capitaliq/OwnerShip/OwnerShip History/SPGlobal_GrupoBimbo,S.A.B.deC.V._OwnershipHistory_06-Oct-2026.xlsx",Ownership History
Sierra Capital LLC,4118941,Latest,latest filing as of 2026-10-06,Common Stock Equivalent Held,89686,shares,No,"filings/capitaliq/OwnerShip/OwnerShip History/SPGlobal_GrupoBimbo,S.A.B.deC.V._OwnershipHistory_06-Oct-2026.xlsx",Ownership History
JP Morgan Asset Management,110092,12/31/2025,2025-12-31,Common Stock Equivalent Held,92151,shares,No,"filings/capitaliq/OwnerShip/OwnerShip History/SPGlobal_GrupoBimbo,S.A.B.deC.V._OwnershipHistory_06-Oct-2026.xlsx",Ownership History
JP Morgan Asset Management,110092,Latest,latest filing as of 2026-10-06,Common Stock Equivalent Held,83485,shares,No,"filings/capitaliq/OwnerShip/OwnerShip History/SPGlobal_GrupoBimbo,S.A.B.deC.V._OwnershipHistory_06-Oct-2026.xlsx",Ownership History
Desjardins Global Asset Management Inc.,4226520,12/31/2025,2025-12-31,Common Stock Equivalent Held,72593,shares,No,"filings/capitaliq/OwnerShip/OwnerShip History/SPGlobal_GrupoBimbo,S.A.B.deC.V._OwnershipHistory_06-Oct-2026.xlsx",Ownership History
Desjardins Global Asset Management Inc.,4226520,Latest,latest filing as of 2026-10-06,Common Stock Equivalent Held,80498,shares,No,"filings/capitaliq/OwnerShip/OwnerShip History/SPGlobal_GrupoBimbo,S.A.B.deC.V._OwnershipHistory_06-Oct-2026.xlsx",Ownership History
Russell Investment Management LLC,111359,12/31/2025,2025-12-31,Common Stock Equivalent Held,71000,shares,No,"filings/capitaliq/OwnerShip/OwnerShip History/SPGlobal_GrupoBimbo,S.A.B.deC.V._OwnershipHistory_06-Oct-2026.xlsx",Ownership History
Russell Investment Management LLC,111359,Latest,latest filing as of 2026-10-06,Common Stock Equivalent Held,71000,shares,No,"filings/capitaliq/OwnerShip/OwnerShip History/SPGlobal_GrupoBimbo,S.A.B.deC.V._OwnershipHistory_06-Oct-2026.xlsx",Ownership History
Sumitomo Mitsui DS Asset Management Co. Ltd.,4140078,12/31/2025,2025-12-31,Common Stock Equivalent Held,70900,shares,No,"filings/capitaliq/OwnerShip/OwnerShip History/SPGlobal_GrupoBimbo,S.A.B.deC.V._OwnershipHistory_06-Oct-2026.xlsx",Ownership History
Sumitomo Mitsui DS Asset Management Co. Ltd.,4140078,Latest,latest filing as of 2026-10-06,Common Stock Equivalent Held,70900,shares,No,"filings/capitaliq/OwnerShip/OwnerShip History/SPGlobal_GrupoBimbo,S.A.B.deC.V._OwnershipHistory_06-Oct-2026.xlsx",Ownership History
Sparinvest SA (Luxembourg),4232927,12/31/2025,2025-12-31,Common Stock Equivalent Held,11664,shares,No,"filings/capitaliq/OwnerShip/OwnerShip History/SPGlobal_GrupoBimbo,S.A.B.deC.V._OwnershipHistory_06-Oct-2026.xlsx",Ownership History
Sparinvest SA (Luxembourg),4232927,Latest,latest filing as of 2026-10-06,Common Stock Equivalent Held,69616,shares,No,"filings/capitaliq/OwnerShip/OwnerShip History/SPGlobal_GrupoBimbo,S.A.B.deC.V._OwnershipHistory_06-Oct-2026.xlsx",Ownership History
CIBC Asset Management Inc.,4048742,12/31/2025,2025-12-31,Common Stock Equivalent Held,31395,shares,No,"filings/capitaliq/OwnerShip/OwnerShip History/SPGlobal_GrupoBimbo,S.A.B.deC.V._OwnershipHistory_06-Oct-2026.xlsx",Ownership History
CIBC Asset Management Inc.,4048742,Latest,latest filing as of 2026-10-06,Common Stock Equivalent Held,48603,shares,No,"filings/capitaliq/OwnerShip/OwnerShip History/SPGlobal_GrupoBimbo,S.A.B.deC.V._OwnershipHistory_06-Oct-2026.xlsx",Ownership History
Columbia Management Investment Advisers LLC,109789,12/31/2025,2025-12-31,Common Stock Equivalent Held,44819,shares,No,"filings/capitaliq/OwnerShip/OwnerShip History/SPGlobal_GrupoBimbo,S.A.B.deC.V._OwnershipHistory_06-Oct-2026.xlsx",Ownership History
Columbia Management Investment Advisers LLC,109789,Latest,latest filing as of 2026-10-06,Common Stock Equivalent Held,44819,shares,No,"filings/capitaliq/OwnerShip/OwnerShip History/SPGlobal_GrupoBimbo,S.A.B.deC.V._OwnershipHistory_06-Oct-2026.xlsx",Ownership History
Lazard Asset Management LLC,110386,12/31/2025,2025-12-31,Common Stock Equivalent Held,34834,shares,No,"filings/capitaliq/OwnerShip/OwnerShip History/SPGlobal_GrupoBimbo,S.A.B.deC.V._OwnershipHistory_06-Oct-2026.xlsx",Ownership History
Lazard Asset Management LLC,110386,Latest,latest filing as of 2026-10-06,Common Stock Equivalent Held,44684,shares,No,"filings/capitaliq/OwnerShip/OwnerShip History/SPGlobal_GrupoBimbo,S.A.B.deC.V._OwnershipHistory_06-Oct-2026.xlsx",Ownership History
Sustainable Growth Advisers LP,4119489,12/31/2025,2025-12-31,Common Stock Equivalent Held,NA,shares,No,"filings/capitaliq/OwnerShip/OwnerShip History/SPGlobal_GrupoBimbo,S.A.B.deC.V._OwnershipHistory_06-Oct-2026.xlsx",Ownership History
Sustainable Growth Advisers LP,4119489,Latest,latest filing as of 2026-10-06,Common Stock Equivalent Held,43928,shares,No,"filings/capitaliq/OwnerShip/OwnerShip History/SPGlobal_GrupoBimbo,S.A.B.deC.V._OwnershipHistory_06-Oct-2026.xlsx",Ownership History
Resona Asset Management Co. Ltd.,4629378,12/31/2025,2025-12-31,Common Stock Equivalent Held,42500,shares,No,"filings/capitaliq/OwnerShip/OwnerShip History/SPGlobal_GrupoBimbo,S.A.B.deC.V._OwnershipHistory_06-Oct-2026.xlsx",Ownership History
Resona Asset Management Co. Ltd.,4629378,Latest,latest filing as of 2026-10-06,Common Stock Equivalent Held,42500,shares,No,"filings/capitaliq/OwnerShip/OwnerShip History/SPGlobal_GrupoBimbo,S.A.B.deC.V._OwnershipHistory_06-Oct-2026.xlsx",Ownership History
GWL Investment Management Ltd.,4048184,12/31/2025,2025-12-31,Common Stock Equivalent Held,39888,shares,No,"filings/capitaliq/OwnerShip/OwnerShip History/SPGlobal_GrupoBimbo,S.A.B.deC.V._OwnershipHistory_06-Oct-2026.xlsx",Ownership History
GWL Investment Management Ltd.,4048184,Latest,latest filing as of 2026-10-06,Common Stock Equivalent Held,39888,shares,No,"filings/capitaliq/OwnerShip/OwnerShip History/SPGlobal_GrupoBimbo,S.A.B.deC.V._OwnershipHistory_06-Oct-2026.xlsx",Ownership History
Sanlam Investment Management (Pty.) Ltd.,4672091,12/31/2025,2025-12-31,Common Stock Equivalent Held,33050,shares,No,"filings/capitaliq/OwnerShip/OwnerShip History/SPGlobal_GrupoBimbo,S.A.B.deC.V._OwnershipHistory_06-Oct-2026.xlsx",Ownership History
Sanlam Investment Management (Pty.) Ltd.,4672091,Latest,latest filing as of 2026-10-06,Common Stock Equivalent Held,33050,shares,No,"filings/capitaliq/OwnerShip/OwnerShip History/SPGlobal_GrupoBimbo,S.A.B.deC.V._OwnershipHistory_06-Oct-2026.xlsx",Ownership History
DBX Advisors LLC,4318598,12/31/2025,2025-12-31,Common Stock Equivalent Held,23447,shares,No,"filings/capitaliq/OwnerShip/OwnerShip History/SPGlobal_GrupoBimbo,S.A.B.deC.V._OwnershipHistory_06-Oct-2026.xlsx",Ownership History
DBX Advisors LLC,4318598,Latest,latest filing as of 2026-10-06,Common Stock Equivalent Held,32452,shares,No,"filings/capitaliq/OwnerShip/OwnerShip History/SPGlobal_GrupoBimbo,S.A.B.deC.V._OwnershipHistory_06-Oct-2026.xlsx",Ownership History
Renta 4 Gestora S.G.I.I.C. SA,4139861,12/31/2025,2025-12-31,Common Stock Equivalent Held,31463,shares,No,"filings/capitaliq/OwnerShip/OwnerShip History/SPGlobal_GrupoBimbo,S.A.B.deC.V._OwnershipHistory_06-Oct-2026.xlsx",Ownership History
Renta 4 Gestora S.G.I.I.C. SA,4139861,Latest,latest filing as of 2026-10-06,Common Stock Equivalent Held,31463,shares,No,"filings/capitaliq/OwnerShip/OwnerShip History/SPGlobal_GrupoBimbo,S.A.B.deC.V._OwnershipHistory_06-Oct-2026.xlsx",Ownership History
Security Kapitalanlage AG,4140057,12/31/2025,2025-12-31,Common Stock Equivalent Held,29230,shares,No,"filings/capitaliq/OwnerShip/OwnerShip History/SPGlobal_GrupoBimbo,S.A.B.deC.V._OwnershipHistory_06-Oct-2026.xlsx",Ownership History
Security Kapitalanlage AG,4140057,Latest,latest filing as of 2026-10-06,Common Stock Equivalent Held,29230,shares,No,"filings/capitaliq/OwnerShip/OwnerShip History/SPGlobal_GrupoBimbo,S.A.B.deC.V._OwnershipHistory_06-Oct-2026.xlsx",Ownership History
Lincoln Financial Investments Corp.,4119651,12/31/2025,2025-12-31,Common Stock Equivalent Held,31500,shares,No,"filings/capitaliq/OwnerShip/OwnerShip History/SPGlobal_GrupoBimbo,S.A.B.deC.V._OwnershipHistory_06-Oct-2026.xlsx",Ownership History
Lincoln Financial Investments Corp.,4119651,Latest,latest filing as of 2026-10-06,Common Stock Equivalent Held,28900,shares,No,"filings/capitaliq/OwnerShip/OwnerShip History/SPGlobal_GrupoBimbo,S.A.B.deC.V._OwnershipHistory_06-Oct-2026.xlsx",Ownership History
Krane Funds Advisors LLC,4383779,12/31/2025,2025-12-31,Common Stock Equivalent Held,20600,shares,No,"filings/capitaliq/OwnerShip/OwnerShip History/SPGlobal_GrupoBimbo,S.A.B.deC.V._OwnershipHistory_06-Oct-2026.xlsx",Ownership History
Krane Funds Advisors LLC,4383779,Latest,latest filing as of 2026-10-06,Common Stock Equivalent Held,28300,shares,No,"filings/capitaliq/OwnerShip/OwnerShip History/SPGlobal_GrupoBimbo,S.A.B.deC.V._OwnershipHistory_06-Oct-2026.xlsx",Ownership History
AustralianSuper Advice Pty. Ltd.,4757367,12/31/2025,2025-12-31,Common Stock Equivalent Held,25000,shares,No,"filings/capitaliq/OwnerShip/OwnerShip History/SPGlobal_GrupoBimbo,S.A.B.deC.V._OwnershipHistory_06-Oct-2026.xlsx",Ownership History
AustralianSuper Advice Pty. Ltd.,4757367,Latest,latest filing as of 2026-10-06,Common Stock Equivalent Held,25000,shares,No,"filings/capitaliq/OwnerShip/OwnerShip History/SPGlobal_GrupoBimbo,S.A.B.deC.V._OwnershipHistory_06-Oct-2026.xlsx",Ownership History
Mackenzie Financial Corp.,106960,12/31/2025,2025-12-31,Common Stock Equivalent Held,11262,shares,No,"filings/capitaliq/OwnerShip/OwnerShip History/SPGlobal_GrupoBimbo,S.A.B.deC.V._OwnershipHistory_06-Oct-2026.xlsx",Ownership History
Mackenzie Financial Corp.,106960,Latest,latest filing as of 2026-10-06,Common Stock Equivalent Held,23792,shares,No,"filings/capitaliq/OwnerShip/OwnerShip History/SPGlobal_GrupoBimbo,S.A.B.deC.V._OwnershipHistory_06-Oct-2026.xlsx",Ownership History
Symmetry Partners LLC,4119608,12/31/2025,2025-12-31,Common Stock Equivalent Held,22600,shares,No,"filings/capitaliq/OwnerShip/OwnerShip History/SPGlobal_GrupoBimbo,S.A.B.deC.V._OwnershipHistory_06-Oct-2026.xlsx",Ownership History
Symmetry Partners LLC,4119608,Latest,latest filing as of 2026-10-06,Common Stock Equivalent Held,22600,shares,No,"filings/capitaliq/OwnerShip/OwnerShip History/SPGlobal_GrupoBimbo,S.A.B.deC.V._OwnershipHistory_06-Oct-2026.xlsx",Ownership History
Impulsora de Fondos Banamex S.A. de C.V. Sociedad Operadora de Sociedades de Inv,5762363,12/31/2025,2025-12-31,Common Stock Equivalent Held,5857037,shares,No,"filings/capitaliq/OwnerShip/OwnerShip History/SPGlobal_GrupoBimbo,S.A.B.deC.V._OwnershipHistory_06-Oct-2026.xlsx",Ownership History
Impulsora de Fondos Banamex S.A. de C.V. Sociedad Operadora de Sociedades de Inv,5762363,Latest,latest filing as of 2026-10-06,Common Stock Equivalent Held,19626,shares,No,"filings/capitaliq/OwnerShip/OwnerShip History/SPGlobal_GrupoBimbo,S.A.B.deC.V._OwnershipHistory_06-Oct-2026.xlsx",Ownership History
Nissay Asset Management Corp.,4116134,12/31/2025,2025-12-31,Common Stock Equivalent Held,16400,shares,No,"filings/capitaliq/OwnerShip/OwnerShip History/SPGlobal_GrupoBimbo,S.A.B.deC.V._OwnershipHistory_06-Oct-2026.xlsx",Ownership History
Nissay Asset Management Corp.,4116134,Latest,latest filing as of 2026-10-06,Common Stock Equivalent Held,16400,shares,No,"filings/capitaliq/OwnerShip/OwnerShip History/SPGlobal_GrupoBimbo,S.A.B.deC.V._OwnershipHistory_06-Oct-2026.xlsx",Ownership History
1832 Asset Management LP,4248288,12/31/2025,2025-12-31,Common Stock Equivalent Held,15500,shares,No,"filings/capitaliq/OwnerShip/OwnerShip History/SPGlobal_GrupoBimbo,S.A.B.deC.V._OwnershipHistory_06-Oct-2026.xlsx",Ownership History
1832 Asset Management LP,4248288,Latest,latest filing as of 2026-10-06,Common Stock Equivalent Held,15500,shares,No,"filings/capitaliq/OwnerShip/OwnerShip History/SPGlobal_GrupoBimbo,S.A.B.deC.V._OwnershipHistory_06-Oct-2026.xlsx",Ownership History
Pacific Investment Management Co. LLC,109687,12/31/2025,2025-12-31,Common Stock Equivalent Held,14077,shares,No,"filings/capitaliq/OwnerShip/OwnerShip History/SPGlobal_GrupoBimbo,S.A.B.deC.V._OwnershipHistory_06-Oct-2026.xlsx",Ownership History
Pacific Investment Management Co. LLC,109687,Latest,latest filing as of 2026-10-06,Common Stock Equivalent Held,15221,shares,No,"filings/capitaliq/OwnerShip/OwnerShip History/SPGlobal_GrupoBimbo,S.A.B.deC.V._OwnershipHistory_06-Oct-2026.xlsx",Ownership History
AllianceBernstein LP,109806,12/31/2025,2025-12-31,Common Stock Equivalent Held,12149,shares,No,"filings/capitaliq/OwnerShip/OwnerShip History/SPGlobal_GrupoBimbo,S.A.B.deC.V._OwnershipHistory_06-Oct-2026.xlsx",Ownership History
AllianceBernstein LP,109806,Latest,latest filing as of 2026-10-06,Common Stock Equivalent Held,12149,shares,No,"filings/capitaliq/OwnerShip/OwnerShip History/SPGlobal_GrupoBimbo,S.A.B.deC.V._OwnershipHistory_06-Oct-2026.xlsx",Ownership History
SunAmerica Asset Management LLC,111097,12/31/2025,2025-12-31,Common Stock Equivalent Held,15400,shares,No,"filings/capitaliq/OwnerShip/OwnerShip History/SPGlobal_GrupoBimbo,S.A.B.deC.V._OwnershipHistory_06-Oct-2026.xlsx",Ownership History
SunAmerica Asset Management LLC,111097,Latest,latest filing as of 2026-10-06,Common Stock Equivalent Held,12019,shares,No,"filings/capitaliq/OwnerShip/OwnerShip History/SPGlobal_GrupoBimbo,S.A.B.deC.V._OwnershipHistory_06-Oct-2026.xlsx",Ownership History
Mirae Asset Global Investments Co. Ltd.,4256114,12/31/2025,2025-12-31,Common Stock Equivalent Held,13589,shares,No,"filings/capitaliq/OwnerShip/OwnerShip History/SPGlobal_GrupoBimbo,S.A.B.deC.V._OwnershipHistory_06-Oct-2026.xlsx",Ownership History
Mirae Asset Global Investments Co. Ltd.,4256114,Latest,latest filing as of 2026-10-06,Common Stock Equivalent Held,11304,shares,No,"filings/capitaliq/OwnerShip/OwnerShip History/SPGlobal_GrupoBimbo,S.A.B.deC.V._OwnershipHistory_06-Oct-2026.xlsx",Ownership History
AQR Capital Management LLC,4119538,12/31/2025,2025-12-31,Common Stock Equivalent Held,13867,shares,No,"filings/capitaliq/OwnerShip/OwnerShip History/SPGlobal_GrupoBimbo,S.A.B.deC.V._OwnershipHistory_06-Oct-2026.xlsx",Ownership History
AQR Capital Management LLC,4119538,Latest,latest filing as of 2026-10-06,Common Stock Equivalent Held,9067,shares,No,"filings/capitaliq/OwnerShip/OwnerShip History/SPGlobal_GrupoBimbo,S.A.B.deC.V._OwnershipHistory_06-Oct-2026.xlsx",Ownership History
First Trust Advisors LP,4033550,12/31/2025,2025-12-31,Common Stock Equivalent Held,34801,shares,No,"filings/capitaliq/OwnerShip/OwnerShip History/SPGlobal_GrupoBimbo,S.A.B.deC.V._OwnershipHistory_06-Oct-2026.xlsx",Ownership History
First Trust Advisors LP,4033550,Latest,latest filing as of 2026-10-06,Common Stock Equivalent Held,8137,shares,No,"filings/capitaliq/OwnerShip/OwnerShip History/SPGlobal_GrupoBimbo,S.A.B.deC.V._OwnershipHistory_06-Oct-2026.xlsx",Ownership History
CI Global Asset Management,4114882,12/31/2025,2025-12-31,Common Stock Equivalent Held,5675,shares,No,"filings/capitaliq/OwnerShip/OwnerShip History/SPGlobal_GrupoBimbo,S.A.B.deC.V._OwnershipHistory_06-Oct-2026.xlsx",Ownership History
CI Global Asset Management,4114882,Latest,latest filing as of 2026-10-06,Common Stock Equivalent Held,7723,shares,No,"filings/capitaliq/OwnerShip/OwnerShip History/SPGlobal_GrupoBimbo,S.A.B.deC.V._OwnershipHistory_06-Oct-2026.xlsx",Ownership History
Colonial First State Investments Ltd.,4156891,12/31/2025,2025-12-31,Common Stock Equivalent Held,4591,shares,No,"filings/capitaliq/OwnerShip/OwnerShip History/SPGlobal_GrupoBimbo,S.A.B.deC.V._OwnershipHistory_06-Oct-2026.xlsx",Ownership History
Colonial First State Investments Ltd.,4156891,Latest,latest filing as of 2026-10-06,Common Stock Equivalent Held,4591,shares,No,"filings/capitaliq/OwnerShip/OwnerShip History/SPGlobal_GrupoBimbo,S.A.B.deC.V._OwnershipHistory_06-Oct-2026.xlsx",Ownership History
Nykredit Portefølje Administration A/S,4556895,12/31/2025,2025-12-31,Common Stock Equivalent Held,1183,shares,No,"filings/capitaliq/OwnerShip/OwnerShip History/SPGlobal_GrupoBimbo,S.A.B.deC.V._OwnershipHistory_06-Oct-2026.xlsx",Ownership History
Nykredit Portefølje Administration A/S,4556895,Latest,latest filing as of 2026-10-06,Common Stock Equivalent Held,1481,shares,No,"filings/capitaliq/OwnerShip/OwnerShip History/SPGlobal_GrupoBimbo,S.A.B.deC.V._OwnershipHistory_06-Oct-2026.xlsx",Ownership History
Domini Impact Investments LLC,4116164,12/31/2025,2025-12-31,Common Stock Equivalent Held,1174,shares,No,"filings/capitaliq/OwnerShip/OwnerShip History/SPGlobal_GrupoBimbo,S.A.B.deC.V._OwnershipHistory_06-Oct-2026.xlsx",Ownership History
Domini Impact Investments LLC,4116164,Latest,latest filing as of 2026-10-06,Common Stock Equivalent Held,1174,shares,No,"filings/capitaliq/OwnerShip/OwnerShip History/SPGlobal_GrupoBimbo,S.A.B.deC.V._OwnershipHistory_06-Oct-2026.xlsx",Ownership History
MLC Asset Management Services Ltd.,6452027,12/31/2025,2025-12-31,Common Stock Equivalent Held,1118,shares,No,"filings/capitaliq/OwnerShip/OwnerShip History/SPGlobal_GrupoBimbo,S.A.B.deC.V._OwnershipHistory_06-Oct-2026.xlsx",Ownership History
MLC Asset Management Services Ltd.,6452027,Latest,latest filing as of 2026-10-06,Common Stock Equivalent Held,1118,shares,No,"filings/capitaliq/OwnerShip/OwnerShip History/SPGlobal_GrupoBimbo,S.A.B.deC.V._OwnershipHistory_06-Oct-2026.xlsx",Ownership History
Mediolanum International Funds Ltd.,4225041,12/31/2025,2025-12-31,Common Stock Equivalent Held,608,shares,No,"filings/capitaliq/OwnerShip/OwnerShip History/SPGlobal_GrupoBimbo,S.A.B.deC.V._OwnershipHistory_06-Oct-2026.xlsx",Ownership History
Mediolanum International Funds Ltd.,4225041,Latest,latest filing as of 2026-10-06,Common Stock Equivalent Held,608,shares,No,"filings/capitaliq/OwnerShip/OwnerShip History/SPGlobal_GrupoBimbo,S.A.B.deC.V._OwnershipHistory_06-Oct-2026.xlsx",Ownership History
MLC Investment Management Ltd,5758523,12/31/2025,2025-12-31,Common Stock Equivalent Held,82,shares,No,"filings/capitaliq/OwnerShip/OwnerShip History/SPGlobal_GrupoBimbo,S.A.B.deC.V._OwnershipHistory_06-Oct-2026.xlsx",Ownership History
MLC Investment Management Ltd,5758523,Latest,latest filing as of 2026-10-06,Common Stock Equivalent Held,82,shares,No,"filings/capitaliq/OwnerShip/OwnerShip History/SPGlobal_GrupoBimbo,S.A.B.deC.V._OwnershipHistory_06-Oct-2026.xlsx",Ownership History
Administradora General de Fondos Security SA,4279126,12/31/2025,2025-12-31,Common Stock Equivalent Held,46964,shares,No,"filings/capitaliq/OwnerShip/OwnerShip History/SPGlobal_GrupoBimbo,S.A.B.deC.V._OwnershipHistory_06-Oct-2026.xlsx",Ownership History
Administradora General de Fondos Security SA,4279126,Latest,latest filing as of 2026-10-06,Common Stock Equivalent Held,0,shares,No,"filings/capitaliq/OwnerShip/OwnerShip History/SPGlobal_GrupoBimbo,S.A.B.deC.V._OwnershipHistory_06-Oct-2026.xlsx",Ownership History
"Administradora General de Fondos Sura, S.A.",4283269,12/31/2025,2025-12-31,Common Stock Equivalent Held,NA,shares,No,"filings/capitaliq/OwnerShip/OwnerShip History/SPGlobal_GrupoBimbo,S.A.B.deC.V._OwnershipHistory_06-Oct-2026.xlsx",Ownership History
"Administradora General de Fondos Sura, S.A.",4283269,Latest,latest filing as of 2026-10-06,Common Stock Equivalent Held,0,shares,No,"filings/capitaliq/OwnerShip/OwnerShip History/SPGlobal_GrupoBimbo,S.A.B.deC.V._OwnershipHistory_06-Oct-2026.xlsx",Ownership History
BNY Mellon ETF Investment Adviser LLC,19342220,12/31/2025,2025-12-31,Common Stock Equivalent Held,NA,shares,No,"filings/capitaliq/OwnerShip/OwnerShip History/SPGlobal_GrupoBimbo,S.A.B.deC.V._OwnershipHistory_06-Oct-2026.xlsx",Ownership History
BNY Mellon ETF Investment Adviser LLC,19342220,Latest,latest filing as of 2026-10-06,Common Stock Equivalent Held,0,shares,No,"filings/capitaliq/OwnerShip/OwnerShip History/SPGlobal_GrupoBimbo,S.A.B.deC.V._OwnershipHistory_06-Oct-2026.xlsx",Ownership History
Vanguard Group Inc.,109776,12/31/2025,2025-12-31,Common Stock Equivalent Held,52622073,shares,No,"filings/capitaliq/OwnerShip/OwnerShip History/SPGlobal_GrupoBimbo,S.A.B.deC.V._OwnershipHistory_06-Oct-2026.xlsx",Ownership History
Vanguard Group Inc.,109776,Latest,latest filing as of 2026-10-06,Common Stock Equivalent Held,NA,shares,No,"filings/capitaliq/OwnerShip/OwnerShip History/SPGlobal_GrupoBimbo,S.A.B.deC.V._OwnershipHistory_06-Oct-2026.xlsx",Ownership History
Compass Group LLC,4119107,12/31/2025,2025-12-31,Common Stock Equivalent Held,0,shares,No,"filings/capitaliq/OwnerShip/OwnerShip History/SPGlobal_GrupoBimbo,S.A.B.deC.V._OwnershipHistory_06-Oct-2026.xlsx",Ownership History
Compass Group LLC,4119107,Latest,latest filing as of 2026-10-06,Common Stock Equivalent Held,NA,shares,No,"filings/capitaliq/OwnerShip/OwnerShip History/SPGlobal_GrupoBimbo,S.A.B.deC.V._OwnershipHistory_06-Oct-2026.xlsx",Ownership History
Segall Bryant & Hamill LLC,110793,12/31/2025,2025-12-31,Common Stock Equivalent Held,29900,shares,No,"filings/capitaliq/OwnerShip/OwnerShip History/SPGlobal_GrupoBimbo,S.A.B.deC.V._OwnershipHistory_06-Oct-2026.xlsx",Ownership History
Segall Bryant & Hamill LLC,110793,Latest,latest filing as of 2026-10-06,Common Stock Equivalent Held,NA,shares,No,"filings/capitaliq/OwnerShip/OwnerShip History/SPGlobal_GrupoBimbo,S.A.B.deC.V._OwnershipHistory_06-Oct-2026.xlsx",Ownership History
BCI Asset Management Administradora General De Fondos SA,4347364,12/31/2025,2025-12-31,Common Stock Equivalent Held,0,shares,No,"filings/capitaliq/OwnerShip/OwnerShip History/SPGlobal_GrupoBimbo,S.A.B.deC.V._OwnershipHistory_06-Oct-2026.xlsx",Ownership History
BCI Asset Management Administradora General De Fondos SA,4347364,Latest,latest filing as of 2026-10-06,Common Stock Equivalent Held,NA,shares,No,"filings/capitaliq/OwnerShip/OwnerShip History/SPGlobal_GrupoBimbo,S.A.B.deC.V._OwnershipHistory_06-Oct-2026.xlsx",Ownership History
Zurich Asset Management Administradora General De Fondos SA,5762441,12/31/2025,2025-12-31,Common Stock Equivalent Held,0,shares,No,"filings/capitaliq/OwnerShip/OwnerShip History/SPGlobal_GrupoBimbo,S.A.B.deC.V._OwnershipHistory_06-Oct-2026.xlsx",Ownership History
Zurich Asset Management Administradora General De Fondos SA,5762441,Latest,latest filing as of 2026-10-06,Common Stock Equivalent Held,NA,shares,No,"filings/capitaliq/OwnerShip/OwnerShip History/SPGlobal_GrupoBimbo,S.A.B.deC.V._OwnershipHistory_06-Oct-2026.xlsx",Ownership History
BICE Inversiones Administradora General de Fondos SA,4283457,12/31/2025,2025-12-31,Common Stock Equivalent Held,37534,shares,No,"filings/capitaliq/OwnerShip/OwnerShip History/SPGlobal_GrupoBimbo,S.A.B.deC.V._OwnershipHistory_06-Oct-2026.xlsx",Ownership History
BICE Inversiones Administradora General de Fondos SA,4283457,Latest,latest filing as of 2026-10-06,Common Stock Equivalent Held,NA,shares,No,"filings/capitaliq/OwnerShip/OwnerShip History/SPGlobal_GrupoBimbo,S.A.B.deC.V._OwnershipHistory_06-Oct-2026.xlsx",Ownership History
Tobam SAS,4230200,12/31/2025,2025-12-31,Common Stock Equivalent Held,0,shares,No,"filings/capitaliq/OwnerShip/OwnerShip History/SPGlobal_GrupoBimbo,S.A.B.deC.V._OwnershipHistory_06-Oct-2026.xlsx",Ownership History
Tobam SAS,4230200,Latest,latest filing as of 2026-10-06,Common Stock Equivalent Held,NA,shares,No,"filings/capitaliq/OwnerShip/OwnerShip History/SPGlobal_GrupoBimbo,S.A.B.deC.V._OwnershipHistory_06-Oct-2026.xlsx",Ownership History
"ID-Sparinvest, Filial af Sparinvest S.A., Luxembourg",5776820,12/31/2025,2025-12-31,Common Stock Equivalent Held,15751,shares,No,"filings/capitaliq/OwnerShip/OwnerShip History/SPGlobal_GrupoBimbo,S.A.B.deC.V._OwnershipHistory_06-Oct-2026.xlsx",Ownership History
"ID-Sparinvest, Filial af Sparinvest S.A., Luxembourg",5776820,Latest,latest filing as of 2026-10-06,Common Stock Equivalent Held,NA,shares,No,"filings/capitaliq/OwnerShip/OwnerShip History/SPGlobal_GrupoBimbo,S.A.B.deC.V._OwnershipHistory_06-Oct-2026.xlsx",Ownership History
BTG Pactual Asset Management US LLC,4252252,12/31/2025,2025-12-31,Common Stock Equivalent Held,0,shares,No,"filings/capitaliq/OwnerShip/OwnerShip History/SPGlobal_GrupoBimbo,S.A.B.deC.V._OwnershipHistory_06-Oct-2026.xlsx",Ownership History
BTG Pactual Asset Management US LLC,4252252,Latest,latest filing as of 2026-10-06,Common Stock Equivalent Held,NA,shares,No,"filings/capitaliq/OwnerShip/OwnerShip History/SPGlobal_GrupoBimbo,S.A.B.deC.V._OwnershipHistory_06-Oct-2026.xlsx",Ownership History
