section,record_id,field,value,unit,currency,as_of,source_file,sheet
ownership_summary,Institutions,Common Stock Equivalent Held,236048640,shares,MXN,2026-10-06 latest filings,"filings/capitaliq/OwnerShip/OwnerShip Summary/SPGlobal_GrupoBimbo,S.A.B.deC.V._OwnershipSummary(Summary)_06-Oct-2026.xlsx",Summary
ownership_summary,Institutions,Percent of Common Shares Outstanding (%),5.49,%,MXN,2026-10-06 latest filings,"filings/capitaliq/OwnerShip/OwnerShip Summary/SPGlobal_GrupoBimbo,S.A.B.deC.V._OwnershipSummary(Summary)_06-Oct-2026.xlsx",Summary
ownership_summary,Institutions,Market Value (Mex$M),13079.455142,MXN mn,MXN,2026-10-06 latest filings,"filings/capitaliq/OwnerShip/OwnerShip Summary/SPGlobal_GrupoBimbo,S.A.B.deC.V._OwnershipSummary(Summary)_06-Oct-2026.xlsx",Summary
ownership_summary,Public and Other,Common Stock Equivalent Held,4060235575,shares,MXN,2026-10-06 latest filings,"filings/capitaliq/OwnerShip/OwnerShip Summary/SPGlobal_GrupoBimbo,S.A.B.deC.V._OwnershipSummary(Summary)_06-Oct-2026.xlsx",Summary
ownership_summary,Public and Other,Percent of Common Shares Outstanding (%),94.51,%,MXN,2026-10-06 latest filings,"filings/capitaliq/OwnerShip/OwnerShip Summary/SPGlobal_GrupoBimbo,S.A.B.deC.V._OwnershipSummary(Summary)_06-Oct-2026.xlsx",Summary
ownership_summary,Public and Other,Market Value (Mex$M),224977.65321,MXN mn,MXN,2026-10-06 latest filings,"filings/capitaliq/OwnerShip/OwnerShip Summary/SPGlobal_GrupoBimbo,S.A.B.deC.V._OwnershipSummary(Summary)_06-Oct-2026.xlsx",Summary
ownership_summary,Total,Common Stock Equivalent Held,4296284215,shares,MXN,2026-10-06 latest filings,"filings/capitaliq/OwnerShip/OwnerShip Summary/SPGlobal_GrupoBimbo,S.A.B.deC.V._OwnershipSummary(Summary)_06-Oct-2026.xlsx",Summary
ownership_summary,Total,Percent of Common Shares Outstanding (%),100,%,MXN,2026-10-06 latest filings,"filings/capitaliq/OwnerShip/OwnerShip Summary/SPGlobal_GrupoBimbo,S.A.B.deC.V._OwnershipSummary(Summary)_06-Oct-2026.xlsx",Summary
ownership_summary,Total,Market Value (Mex$M),238057.108352,MXN mn,MXN,2026-10-06 latest filings,"filings/capitaliq/OwnerShip/OwnerShip Summary/SPGlobal_GrupoBimbo,S.A.B.deC.V._OwnershipSummary(Summary)_06-Oct-2026.xlsx",Summary
float_summary,Grupo Bimbo,Total Shares Excluded From Float,0,shares,,2026-10-06,"filings/capitaliq/OwnerShip/OwnerShip Summary/SPGlobal_GrupoBimbo,S.A.B.deC.V._OwnershipSummary(Summary)_06-Oct-2026.xlsx",Summary
float_summary,Grupo Bimbo,Free Float Shares,4296284215,shares,,2026-10-06,"filings/capitaliq/OwnerShip/OwnerShip Summary/SPGlobal_GrupoBimbo,S.A.B.deC.V._OwnershipSummary(Summary)_06-Oct-2026.xlsx",Summary
float_summary,Grupo Bimbo,Shares outstanding,4296284215,shares,,2026-10-06,"filings/capitaliq/OwnerShip/OwnerShip Summary/SPGlobal_GrupoBimbo,S.A.B.deC.V._OwnershipSummary(Summary)_06-Oct-2026.xlsx",Summary
float_summary,Grupo Bimbo,Float%,,shares,,2026-10-06,"filings/capitaliq/OwnerShip/OwnerShip Summary/SPGlobal_GrupoBimbo,S.A.B.deC.V._OwnershipSummary(Summary)_06-Oct-2026.xlsx",Summary
top_holders,BlackRock Inc.,MI Key,4048287,,,2026-10-06,"filings/capitaliq/OwnerShip/OwnerShip Summary/SPGlobal_GrupoBimbo,S.A.B.deC.V._OwnershipSummary(Summary)_06-Oct-2026.xlsx",Top Holders
top_holders,BlackRock Inc.,Common Stock Equivalent Held,104120971,shares,,2026-10-06,"filings/capitaliq/OwnerShip/OwnerShip Summary/SPGlobal_GrupoBimbo,S.A.B.deC.V._OwnershipSummary(Summary)_06-Oct-2026.xlsx",Top Holders
top_holders,BlackRock Inc.,Percent of Common Shares Outstanding (%),2.42,%,,2026-10-06,"filings/capitaliq/OwnerShip/OwnerShip Summary/SPGlobal_GrupoBimbo,S.A.B.deC.V._OwnershipSummary(Summary)_06-Oct-2026.xlsx",Top Holders
top_holders,BlackRock Inc.,Market Value (Mex$M),5769.343003,MXN mn,,2026-10-06,"filings/capitaliq/OwnerShip/OwnerShip Summary/SPGlobal_GrupoBimbo,S.A.B.deC.V._OwnershipSummary(Summary)_06-Oct-2026.xlsx",Top Holders
top_holders,BlackRock Inc.,Position Date,2026-09-30,,,2026-10-06,"filings/capitaliq/OwnerShip/OwnerShip Summary/SPGlobal_GrupoBimbo,S.A.B.deC.V._OwnershipSummary(Summary)_06-Oct-2026.xlsx",Top Holders
top_holders,BlackRock Inc.,Institution is an Activist?,No,,,2026-10-06,"filings/capitaliq/OwnerShip/OwnerShip Summary/SPGlobal_GrupoBimbo,S.A.B.deC.V._OwnershipSummary(Summary)_06-Oct-2026.xlsx",Top Holders
top_holders,Vanguard Capital Management LLC,MI Key,137764443,,,2026-10-06,"filings/capitaliq/OwnerShip/OwnerShip Summary/SPGlobal_GrupoBimbo,S.A.B.deC.V._OwnershipSummary(Summary)_06-Oct-2026.xlsx",Top Holders
top_holders,Vanguard Capital Management LLC,Common Stock Equivalent Held,50654024,shares,,2026-10-06,"filings/capitaliq/OwnerShip/OwnerShip Summary/SPGlobal_GrupoBimbo,S.A.B.deC.V._OwnershipSummary(Summary)_06-Oct-2026.xlsx",Top Holders
top_holders,Vanguard Capital Management LLC,Percent of Common Shares Outstanding (%),1.18,%,,2026-10-06,"filings/capitaliq/OwnerShip/OwnerShip Summary/SPGlobal_GrupoBimbo,S.A.B.deC.V._OwnershipSummary(Summary)_06-Oct-2026.xlsx",Top Holders
top_holders,Vanguard Capital Management LLC,Market Value (Mex$M),2806.739469,MXN mn,,2026-10-06,"filings/capitaliq/OwnerShip/OwnerShip Summary/SPGlobal_GrupoBimbo,S.A.B.deC.V._OwnershipSummary(Summary)_06-Oct-2026.xlsx",Top Holders
top_holders,Vanguard Capital Management LLC,Position Date,2026-08-31,,,2026-10-06,"filings/capitaliq/OwnerShip/OwnerShip Summary/SPGlobal_GrupoBimbo,S.A.B.deC.V._OwnershipSummary(Summary)_06-Oct-2026.xlsx",Top Holders
top_holders,Vanguard Capital Management LLC,Institution is an Activist?,No,,,2026-10-06,"filings/capitaliq/OwnerShip/OwnerShip Summary/SPGlobal_GrupoBimbo,S.A.B.deC.V._OwnershipSummary(Summary)_06-Oct-2026.xlsx",Top Holders
top_holders,Dimensional Fund Advisors LP,MI Key,111289,,,2026-10-06,"filings/capitaliq/OwnerShip/OwnerShip Summary/SPGlobal_GrupoBimbo,S.A.B.deC.V._OwnershipSummary(Summary)_06-Oct-2026.xlsx",Top Holders
top_holders,Dimensional Fund Advisors LP,Common Stock Equivalent Held,11755209,shares,,2026-10-06,"filings/capitaliq/OwnerShip/OwnerShip Summary/SPGlobal_GrupoBimbo,S.A.B.deC.V._OwnershipSummary(Summary)_06-Oct-2026.xlsx",Top Holders
top_holders,Dimensional Fund Advisors LP,Percent of Common Shares Outstanding (%),0.27,%,,2026-10-06,"filings/capitaliq/OwnerShip/OwnerShip Summary/SPGlobal_GrupoBimbo,S.A.B.deC.V._OwnershipSummary(Summary)_06-Oct-2026.xlsx",Top Holders
top_holders,Dimensional Fund Advisors LP,Market Value (Mex$M),651.35613,MXN mn,,2026-10-06,"filings/capitaliq/OwnerShip/OwnerShip Summary/SPGlobal_GrupoBimbo,S.A.B.deC.V._OwnershipSummary(Summary)_06-Oct-2026.xlsx",Top Holders
top_holders,Dimensional Fund Advisors LP,Position Date,2026-08-31,,,2026-10-06,"filings/capitaliq/OwnerShip/OwnerShip Summary/SPGlobal_GrupoBimbo,S.A.B.deC.V._OwnershipSummary(Summary)_06-Oct-2026.xlsx",Top Holders
top_holders,Dimensional Fund Advisors LP,Institution is an Activist?,No,,,2026-10-06,"filings/capitaliq/OwnerShip/OwnerShip Summary/SPGlobal_GrupoBimbo,S.A.B.deC.V._OwnershipSummary(Summary)_06-Oct-2026.xlsx",Top Holders
top_holders,Geode Capital Management LLC,MI Key,4119759,,,2026-10-06,"filings/capitaliq/OwnerShip/OwnerShip Summary/SPGlobal_GrupoBimbo,S.A.B.deC.V._OwnershipSummary(Summary)_06-Oct-2026.xlsx",Top Holders
top_holders,Geode Capital Management LLC,Common Stock Equivalent Held,6721307,shares,,2026-10-06,"filings/capitaliq/OwnerShip/OwnerShip Summary/SPGlobal_GrupoBimbo,S.A.B.deC.V._OwnershipSummary(Summary)_06-Oct-2026.xlsx",Top Holders
top_holders,Geode Capital Management LLC,Percent of Common Shares Outstanding (%),0.16,%,,2026-10-06,"filings/capitaliq/OwnerShip/OwnerShip Summary/SPGlobal_GrupoBimbo,S.A.B.deC.V._OwnershipSummary(Summary)_06-Oct-2026.xlsx",Top Holders
top_holders,Geode Capital Management LLC,Market Value (Mex$M),372.42762,MXN mn,,2026-10-06,"filings/capitaliq/OwnerShip/OwnerShip Summary/SPGlobal_GrupoBimbo,S.A.B.deC.V._OwnershipSummary(Summary)_06-Oct-2026.xlsx",Top Holders
top_holders,Geode Capital Management LLC,Position Date,2026-07-31,,,2026-10-06,"filings/capitaliq/OwnerShip/OwnerShip Summary/SPGlobal_GrupoBimbo,S.A.B.deC.V._OwnershipSummary(Summary)_06-Oct-2026.xlsx",Top Holders
top_holders,Geode Capital Management LLC,Institution is an Activist?,No,,,2026-10-06,"filings/capitaliq/OwnerShip/OwnerShip Summary/SPGlobal_GrupoBimbo,S.A.B.deC.V._OwnershipSummary(Summary)_06-Oct-2026.xlsx",Top Holders
top_holders,Charles Schwab Investment Management Inc.,MI Key,4048695,,,2026-10-06,"filings/capitaliq/OwnerShip/OwnerShip Summary/SPGlobal_GrupoBimbo,S.A.B.deC.V._OwnershipSummary(Summary)_06-Oct-2026.xlsx",Top Holders
top_holders,Charles Schwab Investment Management Inc.,Common Stock Equivalent Held,5233843,shares,,2026-10-06,"filings/capitaliq/OwnerShip/OwnerShip Summary/SPGlobal_GrupoBimbo,S.A.B.deC.V._OwnershipSummary(Summary)_06-Oct-2026.xlsx",Top Holders
top_holders,Charles Schwab Investment Management Inc.,Percent of Common Shares Outstanding (%),0.12,%,,2026-10-06,"filings/capitaliq/OwnerShip/OwnerShip Summary/SPGlobal_GrupoBimbo,S.A.B.deC.V._OwnershipSummary(Summary)_06-Oct-2026.xlsx",Top Holders
top_holders,Charles Schwab Investment Management Inc.,Market Value (Mex$M),290.00724,MXN mn,,2026-10-06,"filings/capitaliq/OwnerShip/OwnerShip Summary/SPGlobal_GrupoBimbo,S.A.B.deC.V._OwnershipSummary(Summary)_06-Oct-2026.xlsx",Top Holders
top_holders,Charles Schwab Investment Management Inc.,Position Date,2026-08-31,,,2026-10-06,"filings/capitaliq/OwnerShip/OwnerShip Summary/SPGlobal_GrupoBimbo,S.A.B.deC.V._OwnershipSummary(Summary)_06-Oct-2026.xlsx",Top Holders
top_holders,Charles Schwab Investment Management Inc.,Institution is an Activist?,No,,,2026-10-06,"filings/capitaliq/OwnerShip/OwnerShip Summary/SPGlobal_GrupoBimbo,S.A.B.deC.V._OwnershipSummary(Summary)_06-Oct-2026.xlsx",Top Holders
top_mutual_fund_holders,iShares NAFTRAC,Common Stock Equivalent Held,39019798,shares,,2026-10-06,"filings/capitaliq/OwnerShip/OwnerShip Summary/SPGlobal_GrupoBimbo,S.A.B.deC.V._OwnershipSummary(Summary)_06-Oct-2026.xlsx",Top Mutual Fund Holders
top_mutual_fund_holders,iShares NAFTRAC,Percent of Common Shares Outstanding (%),0.91,%,,2026-10-06,"filings/capitaliq/OwnerShip/OwnerShip Summary/SPGlobal_GrupoBimbo,S.A.B.deC.V._OwnershipSummary(Summary)_06-Oct-2026.xlsx",Top Mutual Fund Holders
top_mutual_fund_holders,iShares NAFTRAC,Market Value (Mex$M),2162.087007,MXN mn,,2026-10-06,"filings/capitaliq/OwnerShip/OwnerShip Summary/SPGlobal_GrupoBimbo,S.A.B.deC.V._OwnershipSummary(Summary)_06-Oct-2026.xlsx",Top Mutual Fund Holders
top_mutual_fund_holders,iShares NAFTRAC,Position Date,2026-08-31,,,2026-10-06,"filings/capitaliq/OwnerShip/OwnerShip Summary/SPGlobal_GrupoBimbo,S.A.B.deC.V._OwnershipSummary(Summary)_06-Oct-2026.xlsx",Top Mutual Fund Holders
top_mutual_fund_holders,Vanguard STAR Funds - Vanguard Total International Stock ETF,Common Stock Equivalent Held,17381900,shares,,2026-10-06,"filings/capitaliq/OwnerShip/OwnerShip Summary/SPGlobal_GrupoBimbo,S.A.B.deC.V._OwnershipSummary(Summary)_06-Oct-2026.xlsx",Top Mutual Fund Holders
top_mutual_fund_holders,Vanguard STAR Funds - Vanguard Total International Stock ETF,Percent of Common Shares Outstanding (%),0.4,%,,2026-10-06,"filings/capitaliq/OwnerShip/OwnerShip Summary/SPGlobal_GrupoBimbo,S.A.B.deC.V._OwnershipSummary(Summary)_06-Oct-2026.xlsx",Top Mutual Fund Holders
top_mutual_fund_holders,Vanguard STAR Funds - Vanguard Total International Stock ETF,Market Value (Mex$M),963.131079,MXN mn,,2026-10-06,"filings/capitaliq/OwnerShip/OwnerShip Summary/SPGlobal_GrupoBimbo,S.A.B.deC.V._OwnershipSummary(Summary)_06-Oct-2026.xlsx",Top Mutual Fund Holders
top_mutual_fund_holders,Vanguard STAR Funds - Vanguard Total International Stock ETF,Position Date,2026-08-31,,,2026-10-06,"filings/capitaliq/OwnerShip/OwnerShip Summary/SPGlobal_GrupoBimbo,S.A.B.deC.V._OwnershipSummary(Summary)_06-Oct-2026.xlsx",Top Mutual Fund Holders
top_mutual_fund_holders,Vanguard International Equity Index Funds - Vanguard FTSE Emerging Markets ETF,Common Stock Equivalent Held,16618943,shares,,2026-10-06,"filings/capitaliq/OwnerShip/OwnerShip Summary/SPGlobal_GrupoBimbo,S.A.B.deC.V._OwnershipSummary(Summary)_06-Oct-2026.xlsx",Top Mutual Fund Holders
top_mutual_fund_holders,Vanguard International Equity Index Funds - Vanguard FTSE Emerging Markets ETF,Percent of Common Shares Outstanding (%),0.39,%,,2026-10-06,"filings/capitaliq/OwnerShip/OwnerShip Summary/SPGlobal_GrupoBimbo,S.A.B.deC.V._OwnershipSummary(Summary)_06-Oct-2026.xlsx",Top Mutual Fund Holders
top_mutual_fund_holders,Vanguard International Equity Index Funds - Vanguard FTSE Emerging Markets ETF,Market Value (Mex$M),920.855631,MXN mn,,2026-10-06,"filings/capitaliq/OwnerShip/OwnerShip Summary/SPGlobal_GrupoBimbo,S.A.B.deC.V._OwnershipSummary(Summary)_06-Oct-2026.xlsx",Top Mutual Fund Holders
top_mutual_fund_holders,Vanguard International Equity Index Funds - Vanguard FTSE Emerging Markets ETF,Position Date,2026-07-31,,,2026-10-06,"filings/capitaliq/OwnerShip/OwnerShip Summary/SPGlobal_GrupoBimbo,S.A.B.deC.V._OwnershipSummary(Summary)_06-Oct-2026.xlsx",Top Mutual Fund Holders
top_mutual_fund_holders,"iShares, Inc. - iShares Core MSCI Emerging Markets ETF",Common Stock Equivalent Held,14806535,shares,,2026-10-06,"filings/capitaliq/OwnerShip/OwnerShip Summary/SPGlobal_GrupoBimbo,S.A.B.deC.V._OwnershipSummary(Summary)_06-Oct-2026.xlsx",Top Mutual Fund Holders
top_mutual_fund_holders,"iShares, Inc. - iShares Core MSCI Emerging Markets ETF",Percent of Common Shares Outstanding (%),0.34,%,,2026-10-06,"filings/capitaliq/OwnerShip/OwnerShip Summary/SPGlobal_GrupoBimbo,S.A.B.deC.V._OwnershipSummary(Summary)_06-Oct-2026.xlsx",Top Mutual Fund Holders
top_mutual_fund_holders,"iShares, Inc. - iShares Core MSCI Emerging Markets ETF",Market Value (Mex$M),820.430104,MXN mn,,2026-10-06,"filings/capitaliq/OwnerShip/OwnerShip Summary/SPGlobal_GrupoBimbo,S.A.B.deC.V._OwnershipSummary(Summary)_06-Oct-2026.xlsx",Top Mutual Fund Holders
top_mutual_fund_holders,"iShares, Inc. - iShares Core MSCI Emerging Markets ETF",Position Date,2026-09-30,,,2026-10-06,"filings/capitaliq/OwnerShip/OwnerShip Summary/SPGlobal_GrupoBimbo,S.A.B.deC.V._OwnershipSummary(Summary)_06-Oct-2026.xlsx",Top Mutual Fund Holders
top_mutual_fund_holders,iShares Inc. - iShares MSCI Mexico ETF,Common Stock Equivalent Held,9581567,shares,,2026-10-06,"filings/capitaliq/OwnerShip/OwnerShip Summary/SPGlobal_GrupoBimbo,S.A.B.deC.V._OwnershipSummary(Summary)_06-Oct-2026.xlsx",Top Mutual Fund Holders
top_mutual_fund_holders,iShares Inc. - iShares MSCI Mexico ETF,Percent of Common Shares Outstanding (%),0.22,%,,2026-10-06,"filings/capitaliq/OwnerShip/OwnerShip Summary/SPGlobal_GrupoBimbo,S.A.B.deC.V._OwnershipSummary(Summary)_06-Oct-2026.xlsx",Top Mutual Fund Holders
top_mutual_fund_holders,iShares Inc. - iShares MSCI Mexico ETF,Market Value (Mex$M),530.914627,MXN mn,,2026-10-06,"filings/capitaliq/OwnerShip/OwnerShip Summary/SPGlobal_GrupoBimbo,S.A.B.deC.V._OwnershipSummary(Summary)_06-Oct-2026.xlsx",Top Mutual Fund Holders
top_mutual_fund_holders,iShares Inc. - iShares MSCI Mexico ETF,Position Date,2026-09-30,,,2026-10-06,"filings/capitaliq/OwnerShip/OwnerShip Summary/SPGlobal_GrupoBimbo,S.A.B.deC.V._OwnershipSummary(Summary)_06-Oct-2026.xlsx",Top Mutual Fund Holders
by_owner_type,Traditional Investment Managers,Common Stock Equivalent Held,228768215,shares,,2026-10-06,"filings/capitaliq/OwnerShip/OwnerShip Summary/SPGlobal_GrupoBimbo,S.A.B.deC.V._OwnershipSummary(Summary)_06-Oct-2026.xlsx",Inst. Owner Type
by_owner_type,Traditional Investment Managers,Institutional Ownership (%),96.91570982997402,%,,2026-10-06,"filings/capitaliq/OwnerShip/OwnerShip Summary/SPGlobal_GrupoBimbo,S.A.B.deC.V._OwnershipSummary(Summary)_06-Oct-2026.xlsx",Inst. Owner Type
by_owner_type,Traditional Investment Managers,Percent of Common Shares Outstanding (%),5.32,%,,2026-10-06,"filings/capitaliq/OwnerShip/OwnerShip Summary/SPGlobal_GrupoBimbo,S.A.B.deC.V._OwnershipSummary(Summary)_06-Oct-2026.xlsx",Inst. Owner Type
by_owner_type,Traditional Investment Managers,Market Value (Mex$M),12676.046793,MXN mn,,2026-10-06,"filings/capitaliq/OwnerShip/OwnerShip Summary/SPGlobal_GrupoBimbo,S.A.B.deC.V._OwnershipSummary(Summary)_06-Oct-2026.xlsx",Inst. Owner Type
by_owner_type,Traditional Investment Managers,Number of Shareholders (actual),87,count,,2026-10-06,"filings/capitaliq/OwnerShip/OwnerShip Summary/SPGlobal_GrupoBimbo,S.A.B.deC.V._OwnershipSummary(Summary)_06-Oct-2026.xlsx",Inst. Owner Type
by_owner_type,Government Pension Sponsors,Common Stock Equivalent Held,5958189,shares,,2026-10-06,"filings/capitaliq/OwnerShip/OwnerShip Summary/SPGlobal_GrupoBimbo,S.A.B.deC.V._OwnershipSummary(Summary)_06-Oct-2026.xlsx",Inst. Owner Type
by_owner_type,Government Pension Sponsors,Institutional Ownership (%),2.524136127198191,%,,2026-10-06,"filings/capitaliq/OwnerShip/OwnerShip Summary/SPGlobal_GrupoBimbo,S.A.B.deC.V._OwnershipSummary(Summary)_06-Oct-2026.xlsx",Inst. Owner Type
by_owner_type,Government Pension Sponsors,Percent of Common Shares Outstanding (%),0.14,%,,2026-10-06,"filings/capitaliq/OwnerShip/OwnerShip Summary/SPGlobal_GrupoBimbo,S.A.B.deC.V._OwnershipSummary(Summary)_06-Oct-2026.xlsx",Inst. Owner Type
by_owner_type,Government Pension Sponsors,Market Value (Mex$M),330.143252,MXN mn,,2026-10-06,"filings/capitaliq/OwnerShip/OwnerShip Summary/SPGlobal_GrupoBimbo,S.A.B.deC.V._OwnershipSummary(Summary)_06-Oct-2026.xlsx",Inst. Owner Type
by_owner_type,Government Pension Sponsors,Number of Shareholders (actual),4,count,,2026-10-06,"filings/capitaliq/OwnerShip/OwnerShip Summary/SPGlobal_GrupoBimbo,S.A.B.deC.V._OwnershipSummary(Summary)_06-Oct-2026.xlsx",Inst. Owner Type
by_owner_type,Insurance Companies,Common Stock Equivalent Held,1056189,shares,,2026-10-06,"filings/capitaliq/OwnerShip/OwnerShip Summary/SPGlobal_GrupoBimbo,S.A.B.deC.V._OwnershipSummary(Summary)_06-Oct-2026.xlsx",Inst. Owner Type
by_owner_type,Insurance Companies,Institutional Ownership (%),0.4474454925900017,%,,2026-10-06,"filings/capitaliq/OwnerShip/OwnerShip Summary/SPGlobal_GrupoBimbo,S.A.B.deC.V._OwnershipSummary(Summary)_06-Oct-2026.xlsx",Inst. Owner Type
by_owner_type,Insurance Companies,Percent of Common Shares Outstanding (%),0.02,%,,2026-10-06,"filings/capitaliq/OwnerShip/OwnerShip Summary/SPGlobal_GrupoBimbo,S.A.B.deC.V._OwnershipSummary(Summary)_06-Oct-2026.xlsx",Inst. Owner Type
by_owner_type,Insurance Companies,Market Value (Mex$M),58.523432,MXN mn,,2026-10-06,"filings/capitaliq/OwnerShip/OwnerShip Summary/SPGlobal_GrupoBimbo,S.A.B.deC.V._OwnershipSummary(Summary)_06-Oct-2026.xlsx",Inst. Owner Type
by_owner_type,Insurance Companies,Number of Shareholders (actual),1,count,,2026-10-06,"filings/capitaliq/OwnerShip/OwnerShip Summary/SPGlobal_GrupoBimbo,S.A.B.deC.V._OwnershipSummary(Summary)_06-Oct-2026.xlsx",Inst. Owner Type
by_owner_type,Sovereign Wealth Funds (<5% stake),Common Stock Equivalent Held,167294,shares,,2026-10-06,"filings/capitaliq/OwnerShip/OwnerShip Summary/SPGlobal_GrupoBimbo,S.A.B.deC.V._OwnershipSummary(Summary)_06-Oct-2026.xlsx",Inst. Owner Type
by_owner_type,Sovereign Wealth Funds (<5% stake),Institutional Ownership (%),0.0708726811558838,%,,2026-10-06,"filings/capitaliq/OwnerShip/OwnerShip Summary/SPGlobal_GrupoBimbo,S.A.B.deC.V._OwnershipSummary(Summary)_06-Oct-2026.xlsx",Inst. Owner Type
by_owner_type,Sovereign Wealth Funds (<5% stake),Percent of Common Shares Outstanding (%),0,%,,2026-10-06,"filings/capitaliq/OwnerShip/OwnerShip Summary/SPGlobal_GrupoBimbo,S.A.B.deC.V._OwnershipSummary(Summary)_06-Oct-2026.xlsx",Inst. Owner Type
by_owner_type,Sovereign Wealth Funds (<5% stake),Market Value (Mex$M),9.26976,MXN mn,,2026-10-06,"filings/capitaliq/OwnerShip/OwnerShip Summary/SPGlobal_GrupoBimbo,S.A.B.deC.V._OwnershipSummary(Summary)_06-Oct-2026.xlsx",Inst. Owner Type
by_owner_type,Sovereign Wealth Funds (<5% stake),Number of Shareholders (actual),1,count,,2026-10-06,"filings/capitaliq/OwnerShip/OwnerShip Summary/SPGlobal_GrupoBimbo,S.A.B.deC.V._OwnershipSummary(Summary)_06-Oct-2026.xlsx",Inst. Owner Type
by_owner_type,Family Offices/Trusts,Common Stock Equivalent Held,89686,shares,,2026-10-06,"filings/capitaliq/OwnerShip/OwnerShip Summary/SPGlobal_GrupoBimbo,S.A.B.deC.V._OwnershipSummary(Summary)_06-Oct-2026.xlsx",Inst. Owner Type
by_owner_type,Family Offices/Trusts,Institutional Ownership (%),0.0379947115984231,%,,2026-10-06,"filings/capitaliq/OwnerShip/OwnerShip Summary/SPGlobal_GrupoBimbo,S.A.B.deC.V._OwnershipSummary(Summary)_06-Oct-2026.xlsx",Inst. Owner Type
by_owner_type,Family Offices/Trusts,Percent of Common Shares Outstanding (%),0,%,,2026-10-06,"filings/capitaliq/OwnerShip/OwnerShip Summary/SPGlobal_GrupoBimbo,S.A.B.deC.V._OwnershipSummary(Summary)_06-Oct-2026.xlsx",Inst. Owner Type
by_owner_type,Family Offices/Trusts,Market Value (Mex$M),4.969501,MXN mn,,2026-10-06,"filings/capitaliq/OwnerShip/OwnerShip Summary/SPGlobal_GrupoBimbo,S.A.B.deC.V._OwnershipSummary(Summary)_06-Oct-2026.xlsx",Inst. Owner Type
by_owner_type,Family Offices/Trusts,Number of Shareholders (actual),1,count,,2026-10-06,"filings/capitaliq/OwnerShip/OwnerShip Summary/SPGlobal_GrupoBimbo,S.A.B.deC.V._OwnershipSummary(Summary)_06-Oct-2026.xlsx",Inst. Owner Type
by_owner_type,Hedge Fund Managers (<5% stake),Common Stock Equivalent Held,9067,shares,,2026-10-06,"filings/capitaliq/OwnerShip/OwnerShip Summary/SPGlobal_GrupoBimbo,S.A.B.deC.V._OwnershipSummary(Summary)_06-Oct-2026.xlsx",Inst. Owner Type
by_owner_type,Hedge Fund Managers (<5% stake),Institutional Ownership (%),0.0038411574834745,%,,2026-10-06,"filings/capitaliq/OwnerShip/OwnerShip Summary/SPGlobal_GrupoBimbo,S.A.B.deC.V._OwnershipSummary(Summary)_06-Oct-2026.xlsx",Inst. Owner Type
by_owner_type,Hedge Fund Managers (<5% stake),Percent of Common Shares Outstanding (%),0,%,,2026-10-06,"filings/capitaliq/OwnerShip/OwnerShip Summary/SPGlobal_GrupoBimbo,S.A.B.deC.V._OwnershipSummary(Summary)_06-Oct-2026.xlsx",Inst. Owner Type
by_owner_type,Hedge Fund Managers (<5% stake),Market Value (Mex$M),0.502402,MXN mn,,2026-10-06,"filings/capitaliq/OwnerShip/OwnerShip Summary/SPGlobal_GrupoBimbo,S.A.B.deC.V._OwnershipSummary(Summary)_06-Oct-2026.xlsx",Inst. Owner Type
by_owner_type,Hedge Fund Managers (<5% stake),Number of Shareholders (actual),1,count,,2026-10-06,"filings/capitaliq/OwnerShip/OwnerShip Summary/SPGlobal_GrupoBimbo,S.A.B.deC.V._OwnershipSummary(Summary)_06-Oct-2026.xlsx",Inst. Owner Type
by_owner_type,Total,Common Stock Equivalent Held,236048640,shares,,2026-10-06,"filings/capitaliq/OwnerShip/OwnerShip Summary/SPGlobal_GrupoBimbo,S.A.B.deC.V._OwnershipSummary(Summary)_06-Oct-2026.xlsx",Inst. Owner Type
by_owner_type,Total,Institutional Ownership (%),100,%,,2026-10-06,"filings/capitaliq/OwnerShip/OwnerShip Summary/SPGlobal_GrupoBimbo,S.A.B.deC.V._OwnershipSummary(Summary)_06-Oct-2026.xlsx",Inst. Owner Type
by_owner_type,Total,Percent of Common Shares Outstanding (%),5.48,%,,2026-10-06,"filings/capitaliq/OwnerShip/OwnerShip Summary/SPGlobal_GrupoBimbo,S.A.B.deC.V._OwnershipSummary(Summary)_06-Oct-2026.xlsx",Inst. Owner Type
by_owner_type,Total,Market Value (Mex$M),13079.45514,MXN mn,,2026-10-06,"filings/capitaliq/OwnerShip/OwnerShip Summary/SPGlobal_GrupoBimbo,S.A.B.deC.V._OwnershipSummary(Summary)_06-Oct-2026.xlsx",Inst. Owner Type
by_owner_type,Total,Number of Shareholders (actual),95,count,,2026-10-06,"filings/capitaliq/OwnerShip/OwnerShip Summary/SPGlobal_GrupoBimbo,S.A.B.deC.V._OwnershipSummary(Summary)_06-Oct-2026.xlsx",Inst. Owner Type
by_investment_style,Growth,Common Stock Equivalent Held,235366142,shares,,2026-10-06,"filings/capitaliq/OwnerShip/OwnerShip Summary/SPGlobal_GrupoBimbo,S.A.B.deC.V._OwnershipSummary(Summary)_06-Oct-2026.xlsx",Style
by_investment_style,Growth,Institutional Ownership (%),99.7108655233091,%,,2026-10-06,"filings/capitaliq/OwnerShip/OwnerShip Summary/SPGlobal_GrupoBimbo,S.A.B.deC.V._OwnershipSummary(Summary)_06-Oct-2026.xlsx",Style
by_investment_style,Growth,Percent of Common Shares Outstanding (%),5.48,%,,2026-10-06,"filings/capitaliq/OwnerShip/OwnerShip Summary/SPGlobal_GrupoBimbo,S.A.B.deC.V._OwnershipSummary(Summary)_06-Oct-2026.xlsx",Style
by_investment_style,Growth,Market Value (Mex$M),13041.637928,MXN mn,,2026-10-06,"filings/capitaliq/OwnerShip/OwnerShip Summary/SPGlobal_GrupoBimbo,S.A.B.deC.V._OwnershipSummary(Summary)_06-Oct-2026.xlsx",Style
by_investment_style,Growth,Number of Shareholders (actual),85,count,,2026-10-06,"filings/capitaliq/OwnerShip/OwnerShip Summary/SPGlobal_GrupoBimbo,S.A.B.deC.V._OwnershipSummary(Summary)_06-Oct-2026.xlsx",Style
by_investment_style,Aggressive Growth,Common Stock Equivalent Held,513279,shares,,2026-10-06,"filings/capitaliq/OwnerShip/OwnerShip Summary/SPGlobal_GrupoBimbo,S.A.B.deC.V._OwnershipSummary(Summary)_06-Oct-2026.xlsx",Style
by_investment_style,Aggressive Growth,Institutional Ownership (%),0.2174462856468904,%,,2026-10-06,"filings/capitaliq/OwnerShip/OwnerShip Summary/SPGlobal_GrupoBimbo,S.A.B.deC.V._OwnershipSummary(Summary)_06-Oct-2026.xlsx",Style
by_investment_style,Aggressive Growth,Percent of Common Shares Outstanding (%),0.01,%,,2026-10-06,"filings/capitaliq/OwnerShip/OwnerShip Summary/SPGlobal_GrupoBimbo,S.A.B.deC.V._OwnershipSummary(Summary)_06-Oct-2026.xlsx",Style
by_investment_style,Aggressive Growth,Market Value (Mex$M),28.440789,MXN mn,,2026-10-06,"filings/capitaliq/OwnerShip/OwnerShip Summary/SPGlobal_GrupoBimbo,S.A.B.deC.V._OwnershipSummary(Summary)_06-Oct-2026.xlsx",Style
by_investment_style,Aggressive Growth,Number of Shareholders (actual),4,count,,2026-10-06,"filings/capitaliq/OwnerShip/OwnerShip Summary/SPGlobal_GrupoBimbo,S.A.B.deC.V._OwnershipSummary(Summary)_06-Oct-2026.xlsx",Style
by_investment_style,GARP,Common Stock Equivalent Held,169219,shares,,2026-10-06,"filings/capitaliq/OwnerShip/OwnerShip Summary/SPGlobal_GrupoBimbo,S.A.B.deC.V._OwnershipSummary(Summary)_06-Oct-2026.xlsx",Style
by_investment_style,GARP,Institutional Ownership (%),0.0716881910440153,%,,2026-10-06,"filings/capitaliq/OwnerShip/OwnerShip Summary/SPGlobal_GrupoBimbo,S.A.B.deC.V._OwnershipSummary(Summary)_06-Oct-2026.xlsx",Style
by_investment_style,GARP,Percent of Common Shares Outstanding (%),0,%,,2026-10-06,"filings/capitaliq/OwnerShip/OwnerShip Summary/SPGlobal_GrupoBimbo,S.A.B.deC.V._OwnershipSummary(Summary)_06-Oct-2026.xlsx",Style
by_investment_style,GARP,Market Value (Mex$M),9.376424,MXN mn,,2026-10-06,"filings/capitaliq/OwnerShip/OwnerShip Summary/SPGlobal_GrupoBimbo,S.A.B.deC.V._OwnershipSummary(Summary)_06-Oct-2026.xlsx",Style
by_investment_style,GARP,Number of Shareholders (actual),6,count,,2026-10-06,"filings/capitaliq/OwnerShip/OwnerShip Summary/SPGlobal_GrupoBimbo,S.A.B.deC.V._OwnershipSummary(Summary)_06-Oct-2026.xlsx",Style
by_investment_style,Total,Common Stock Equivalent Held,236048640,shares,,2026-10-06,"filings/capitaliq/OwnerShip/OwnerShip Summary/SPGlobal_GrupoBimbo,S.A.B.deC.V._OwnershipSummary(Summary)_06-Oct-2026.xlsx",Style
by_investment_style,Total,Institutional Ownership (%),100,%,,2026-10-06,"filings/capitaliq/OwnerShip/OwnerShip Summary/SPGlobal_GrupoBimbo,S.A.B.deC.V._OwnershipSummary(Summary)_06-Oct-2026.xlsx",Style
by_investment_style,Total,Percent of Common Shares Outstanding (%),5.49,%,,2026-10-06,"filings/capitaliq/OwnerShip/OwnerShip Summary/SPGlobal_GrupoBimbo,S.A.B.deC.V._OwnershipSummary(Summary)_06-Oct-2026.xlsx",Style
by_investment_style,Total,Market Value (Mex$M),13079.455141,MXN mn,,2026-10-06,"filings/capitaliq/OwnerShip/OwnerShip Summary/SPGlobal_GrupoBimbo,S.A.B.deC.V._OwnershipSummary(Summary)_06-Oct-2026.xlsx",Style
by_investment_style,Total,Number of Shareholders (actual),95,count,,2026-10-06,"filings/capitaliq/OwnerShip/OwnerShip Summary/SPGlobal_GrupoBimbo,S.A.B.deC.V._OwnershipSummary(Summary)_06-Oct-2026.xlsx",Style
by_market_cap_emphasis,Large Cap,Common Stock Equivalent Held,235895964,shares,,2026-10-06,"filings/capitaliq/OwnerShip/OwnerShip Summary/SPGlobal_GrupoBimbo,S.A.B.deC.V._OwnershipSummary(Summary)_06-Oct-2026.xlsx",Market Cap
by_market_cap_emphasis,Large Cap,Institutional Ownership (%),99.9353201102959,%,,2026-10-06,"filings/capitaliq/OwnerShip/OwnerShip Summary/SPGlobal_GrupoBimbo,S.A.B.deC.V._OwnershipSummary(Summary)_06-Oct-2026.xlsx",Market Cap
by_market_cap_emphasis,Large Cap,Percent of Common Shares Outstanding (%),5.49,%,,2026-10-06,"filings/capitaliq/OwnerShip/OwnerShip Summary/SPGlobal_GrupoBimbo,S.A.B.deC.V._OwnershipSummary(Summary)_06-Oct-2026.xlsx",Market Cap
by_market_cap_emphasis,Large Cap,Market Value (Mex$M),13070.995365,MXN mn,,2026-10-06,"filings/capitaliq/OwnerShip/OwnerShip Summary/SPGlobal_GrupoBimbo,S.A.B.deC.V._OwnershipSummary(Summary)_06-Oct-2026.xlsx",Market Cap
by_market_cap_emphasis,Large Cap,Number of Shareholders (actual),92,count,,2026-10-06,"filings/capitaliq/OwnerShip/OwnerShip Summary/SPGlobal_GrupoBimbo,S.A.B.deC.V._OwnershipSummary(Summary)_06-Oct-2026.xlsx",Market Cap
by_market_cap_emphasis,Mid Cap,Common Stock Equivalent Held,119626,shares,,2026-10-06,"filings/capitaliq/OwnerShip/OwnerShip Summary/SPGlobal_GrupoBimbo,S.A.B.deC.V._OwnershipSummary(Summary)_06-Oct-2026.xlsx",Market Cap
by_market_cap_emphasis,Mid Cap,Institutional Ownership (%),0.0506785381182454,%,,2026-10-06,"filings/capitaliq/OwnerShip/OwnerShip Summary/SPGlobal_GrupoBimbo,S.A.B.deC.V._OwnershipSummary(Summary)_06-Oct-2026.xlsx",Market Cap
by_market_cap_emphasis,Mid Cap,Percent of Common Shares Outstanding (%),0,%,,2026-10-06,"filings/capitaliq/OwnerShip/OwnerShip Summary/SPGlobal_GrupoBimbo,S.A.B.deC.V._OwnershipSummary(Summary)_06-Oct-2026.xlsx",Market Cap
by_market_cap_emphasis,Mid Cap,Market Value (Mex$M),6.628476,MXN mn,,2026-10-06,"filings/capitaliq/OwnerShip/OwnerShip Summary/SPGlobal_GrupoBimbo,S.A.B.deC.V._OwnershipSummary(Summary)_06-Oct-2026.xlsx",Market Cap
by_market_cap_emphasis,Mid Cap,Number of Shareholders (actual),2,count,,2026-10-06,"filings/capitaliq/OwnerShip/OwnerShip Summary/SPGlobal_GrupoBimbo,S.A.B.deC.V._OwnershipSummary(Summary)_06-Oct-2026.xlsx",Market Cap
by_market_cap_emphasis,Multi Cap,Common Stock Equivalent Held,33050,shares,,2026-10-06,"filings/capitaliq/OwnerShip/OwnerShip Summary/SPGlobal_GrupoBimbo,S.A.B.deC.V._OwnershipSummary(Summary)_06-Oct-2026.xlsx",Market Cap
by_market_cap_emphasis,Multi Cap,Institutional Ownership (%),0.0140013515858426,%,,2026-10-06,"filings/capitaliq/OwnerShip/OwnerShip Summary/SPGlobal_GrupoBimbo,S.A.B.deC.V._OwnershipSummary(Summary)_06-Oct-2026.xlsx",Market Cap
by_market_cap_emphasis,Multi Cap,Percent of Common Shares Outstanding (%),0,%,,2026-10-06,"filings/capitaliq/OwnerShip/OwnerShip Summary/SPGlobal_GrupoBimbo,S.A.B.deC.V._OwnershipSummary(Summary)_06-Oct-2026.xlsx",Market Cap
by_market_cap_emphasis,Multi Cap,Market Value (Mex$M),1.8313,MXN mn,,2026-10-06,"filings/capitaliq/OwnerShip/OwnerShip Summary/SPGlobal_GrupoBimbo,S.A.B.deC.V._OwnershipSummary(Summary)_06-Oct-2026.xlsx",Market Cap
by_market_cap_emphasis,Multi Cap,Number of Shareholders (actual),1,count,,2026-10-06,"filings/capitaliq/OwnerShip/OwnerShip Summary/SPGlobal_GrupoBimbo,S.A.B.deC.V._OwnershipSummary(Summary)_06-Oct-2026.xlsx",Market Cap
by_market_cap_emphasis,Total,Common Stock Equivalent Held,236048640,shares,,2026-10-06,"filings/capitaliq/OwnerShip/OwnerShip Summary/SPGlobal_GrupoBimbo,S.A.B.deC.V._OwnershipSummary(Summary)_06-Oct-2026.xlsx",Market Cap
by_market_cap_emphasis,Total,Institutional Ownership (%),100,%,,2026-10-06,"filings/capitaliq/OwnerShip/OwnerShip Summary/SPGlobal_GrupoBimbo,S.A.B.deC.V._OwnershipSummary(Summary)_06-Oct-2026.xlsx",Market Cap
by_market_cap_emphasis,Total,Percent of Common Shares Outstanding (%),5.49,%,,2026-10-06,"filings/capitaliq/OwnerShip/OwnerShip Summary/SPGlobal_GrupoBimbo,S.A.B.deC.V._OwnershipSummary(Summary)_06-Oct-2026.xlsx",Market Cap
by_market_cap_emphasis,Total,Market Value (Mex$M),13079.455141,MXN mn,,2026-10-06,"filings/capitaliq/OwnerShip/OwnerShip Summary/SPGlobal_GrupoBimbo,S.A.B.deC.V._OwnershipSummary(Summary)_06-Oct-2026.xlsx",Market Cap
by_market_cap_emphasis,Total,Number of Shareholders (actual),95,count,,2026-10-06,"filings/capitaliq/OwnerShip/OwnerShip Summary/SPGlobal_GrupoBimbo,S.A.B.deC.V._OwnershipSummary(Summary)_06-Oct-2026.xlsx",Market Cap
by_portfolio_turnover,Very Low,Common Stock Equivalent Held,163301318,shares,,2026-10-06,"filings/capitaliq/OwnerShip/OwnerShip Summary/SPGlobal_GrupoBimbo,S.A.B.deC.V._OwnershipSummary(Summary)_06-Oct-2026.xlsx",Turnover
by_portfolio_turnover,Very Low,Institutional Ownership (%),69.18121536307093,%,,2026-10-06,"filings/capitaliq/OwnerShip/OwnerShip Summary/SPGlobal_GrupoBimbo,S.A.B.deC.V._OwnershipSummary(Summary)_06-Oct-2026.xlsx",Turnover
by_portfolio_turnover,Very Low,Percent of Common Shares Outstanding (%),3.8,%,,2026-10-06,"filings/capitaliq/OwnerShip/OwnerShip Summary/SPGlobal_GrupoBimbo,S.A.B.deC.V._OwnershipSummary(Summary)_06-Oct-2026.xlsx",Turnover
by_portfolio_turnover,Very Low,Market Value (Mex$M),9048.52603,MXN mn,,2026-10-06,"filings/capitaliq/OwnerShip/OwnerShip Summary/SPGlobal_GrupoBimbo,S.A.B.deC.V._OwnershipSummary(Summary)_06-Oct-2026.xlsx",Turnover
by_portfolio_turnover,Very Low,Number of Shareholders (actual),46,count,,2026-10-06,"filings/capitaliq/OwnerShip/OwnerShip Summary/SPGlobal_GrupoBimbo,S.A.B.deC.V._OwnershipSummary(Summary)_06-Oct-2026.xlsx",Turnover
by_portfolio_turnover,Low,Common Stock Equivalent Held,21024769,shares,,2026-10-06,"filings/capitaliq/OwnerShip/OwnerShip Summary/SPGlobal_GrupoBimbo,S.A.B.deC.V._OwnershipSummary(Summary)_06-Oct-2026.xlsx",Turnover
by_portfolio_turnover,Low,Institutional Ownership (%),8.906964683211054,%,,2026-10-06,"filings/capitaliq/OwnerShip/OwnerShip Summary/SPGlobal_GrupoBimbo,S.A.B.deC.V._OwnershipSummary(Summary)_06-Oct-2026.xlsx",Turnover
by_portfolio_turnover,Low,Percent of Common Shares Outstanding (%),0.49,%,,2026-10-06,"filings/capitaliq/OwnerShip/OwnerShip Summary/SPGlobal_GrupoBimbo,S.A.B.deC.V._OwnershipSummary(Summary)_06-Oct-2026.xlsx",Turnover
by_portfolio_turnover,Low,Market Value (Mex$M),1164.98245,MXN mn,,2026-10-06,"filings/capitaliq/OwnerShip/OwnerShip Summary/SPGlobal_GrupoBimbo,S.A.B.deC.V._OwnershipSummary(Summary)_06-Oct-2026.xlsx",Turnover
by_portfolio_turnover,Low,Number of Shareholders (actual),43,count,,2026-10-06,"filings/capitaliq/OwnerShip/OwnerShip Summary/SPGlobal_GrupoBimbo,S.A.B.deC.V._OwnershipSummary(Summary)_06-Oct-2026.xlsx",Turnover
by_portfolio_turnover,Moderate,Common Stock Equivalent Held,1062738,shares,,2026-10-06,"filings/capitaliq/OwnerShip/OwnerShip Summary/SPGlobal_GrupoBimbo,S.A.B.deC.V._OwnershipSummary(Summary)_06-Oct-2026.xlsx",Turnover
by_portfolio_turnover,Moderate,Institutional Ownership (%),0.4502199207756503,%,,2026-10-06,"filings/capitaliq/OwnerShip/OwnerShip Summary/SPGlobal_GrupoBimbo,S.A.B.deC.V._OwnershipSummary(Summary)_06-Oct-2026.xlsx",Turnover
by_portfolio_turnover,Moderate,Percent of Common Shares Outstanding (%),0.02,%,,2026-10-06,"filings/capitaliq/OwnerShip/OwnerShip Summary/SPGlobal_GrupoBimbo,S.A.B.deC.V._OwnershipSummary(Summary)_06-Oct-2026.xlsx",Turnover
by_portfolio_turnover,Moderate,Market Value (Mex$M),58.886312,MXN mn,,2026-10-06,"filings/capitaliq/OwnerShip/OwnerShip Summary/SPGlobal_GrupoBimbo,S.A.B.deC.V._OwnershipSummary(Summary)_06-Oct-2026.xlsx",Turnover
by_portfolio_turnover,Moderate,Number of Shareholders (actual),5,count,,2026-10-06,"filings/capitaliq/OwnerShip/OwnerShip Summary/SPGlobal_GrupoBimbo,S.A.B.deC.V._OwnershipSummary(Summary)_06-Oct-2026.xlsx",Turnover
by_portfolio_turnover,Unclassified,Common Stock Equivalent Held,50659815,shares,,2026-10-06,"filings/capitaliq/OwnerShip/OwnerShip Summary/SPGlobal_GrupoBimbo,S.A.B.deC.V._OwnershipSummary(Summary)_06-Oct-2026.xlsx",Turnover
by_portfolio_turnover,Unclassified,Institutional Ownership (%),21.461600032942364,%,,2026-10-06,"filings/capitaliq/OwnerShip/OwnerShip Summary/SPGlobal_GrupoBimbo,S.A.B.deC.V._OwnershipSummary(Summary)_06-Oct-2026.xlsx",Turnover
by_portfolio_turnover,Unclassified,Percent of Common Shares Outstanding (%),1.18,%,,2026-10-06,"filings/capitaliq/OwnerShip/OwnerShip Summary/SPGlobal_GrupoBimbo,S.A.B.deC.V._OwnershipSummary(Summary)_06-Oct-2026.xlsx",Turnover
by_portfolio_turnover,Unclassified,Market Value (Mex$M),2807.060349,MXN mn,,2026-10-06,"filings/capitaliq/OwnerShip/OwnerShip Summary/SPGlobal_GrupoBimbo,S.A.B.deC.V._OwnershipSummary(Summary)_06-Oct-2026.xlsx",Turnover
by_portfolio_turnover,Unclassified,Number of Shareholders (actual),4,count,,2026-10-06,"filings/capitaliq/OwnerShip/OwnerShip Summary/SPGlobal_GrupoBimbo,S.A.B.deC.V._OwnershipSummary(Summary)_06-Oct-2026.xlsx",Turnover
by_portfolio_turnover,Total,Common Stock Equivalent Held,236048640,shares,,2026-10-06,"filings/capitaliq/OwnerShip/OwnerShip Summary/SPGlobal_GrupoBimbo,S.A.B.deC.V._OwnershipSummary(Summary)_06-Oct-2026.xlsx",Turnover
by_portfolio_turnover,Total,Institutional Ownership (%),100,%,,2026-10-06,"filings/capitaliq/OwnerShip/OwnerShip Summary/SPGlobal_GrupoBimbo,S.A.B.deC.V._OwnershipSummary(Summary)_06-Oct-2026.xlsx",Turnover
by_portfolio_turnover,Total,Percent of Common Shares Outstanding (%),5.49,%,,2026-10-06,"filings/capitaliq/OwnerShip/OwnerShip Summary/SPGlobal_GrupoBimbo,S.A.B.deC.V._OwnershipSummary(Summary)_06-Oct-2026.xlsx",Turnover
by_portfolio_turnover,Total,Market Value (Mex$M),13079.455141,MXN mn,,2026-10-06,"filings/capitaliq/OwnerShip/OwnerShip Summary/SPGlobal_GrupoBimbo,S.A.B.deC.V._OwnershipSummary(Summary)_06-Oct-2026.xlsx",Turnover
by_portfolio_turnover,Total,Number of Shareholders (actual),98,count,,2026-10-06,"filings/capitaliq/OwnerShip/OwnerShip Summary/SPGlobal_GrupoBimbo,S.A.B.deC.V._OwnershipSummary(Summary)_06-Oct-2026.xlsx",Turnover
by_country_region,USA,Number of Holders,38,count,,2026-10-06,"filings/capitaliq/OwnerShip/OwnerShip Summary/SPGlobal_GrupoBimbo,S.A.B.deC.V._OwnershipSummary(Summary)_06-Oct-2026.xlsx",Country
by_country_region,USA,Common Stock Equivalent Held,199233486,shares,,2026-10-06,"filings/capitaliq/OwnerShip/OwnerShip Summary/SPGlobal_GrupoBimbo,S.A.B.deC.V._OwnershipSummary(Summary)_06-Oct-2026.xlsx",Country
by_country_region,USA,Percent of Common Shares Outstanding (%),4.64,%,,2026-10-06,"filings/capitaliq/OwnerShip/OwnerShip Summary/SPGlobal_GrupoBimbo,S.A.B.deC.V._OwnershipSummary(Summary)_06-Oct-2026.xlsx",Country
by_country_region,"USA > New York City, NY Metro",Number of Holders,16,count,,2026-10-06,"filings/capitaliq/OwnerShip/OwnerShip Summary/SPGlobal_GrupoBimbo,S.A.B.deC.V._OwnershipSummary(Summary)_06-Oct-2026.xlsx",Country
by_country_region,"USA > New York City, NY Metro",Common Stock Equivalent Held,114821912,shares,,2026-10-06,"filings/capitaliq/OwnerShip/OwnerShip Summary/SPGlobal_GrupoBimbo,S.A.B.deC.V._OwnershipSummary(Summary)_06-Oct-2026.xlsx",Country
by_country_region,"USA > New York City, NY Metro",Percent of Common Shares Outstanding (%),2.67,%,,2026-10-06,"filings/capitaliq/OwnerShip/OwnerShip Summary/SPGlobal_GrupoBimbo,S.A.B.deC.V._OwnershipSummary(Summary)_06-Oct-2026.xlsx",Country
by_country_region,"USA > Boston, MA Metro",Number of Holders,5,count,,2026-10-06,"filings/capitaliq/OwnerShip/OwnerShip Summary/SPGlobal_GrupoBimbo,S.A.B.deC.V._OwnershipSummary(Summary)_06-Oct-2026.xlsx",Country
by_country_region,"USA > Boston, MA Metro",Common Stock Equivalent Held,11712192,shares,,2026-10-06,"filings/capitaliq/OwnerShip/OwnerShip Summary/SPGlobal_GrupoBimbo,S.A.B.deC.V._OwnershipSummary(Summary)_06-Oct-2026.xlsx",Country
by_country_region,"USA > Boston, MA Metro",Percent of Common Shares Outstanding (%),0.27,%,,2026-10-06,"filings/capitaliq/OwnerShip/OwnerShip Summary/SPGlobal_GrupoBimbo,S.A.B.deC.V._OwnershipSummary(Summary)_06-Oct-2026.xlsx",Country
by_country_region,"USA > Austin, TX Metro",Number of Holders,1,count,,2026-10-06,"filings/capitaliq/OwnerShip/OwnerShip Summary/SPGlobal_GrupoBimbo,S.A.B.deC.V._OwnershipSummary(Summary)_06-Oct-2026.xlsx",Country
by_country_region,"USA > Austin, TX Metro",Common Stock Equivalent Held,11755209,shares,,2026-10-06,"filings/capitaliq/OwnerShip/OwnerShip Summary/SPGlobal_GrupoBimbo,S.A.B.deC.V._OwnershipSummary(Summary)_06-Oct-2026.xlsx",Country
by_country_region,"USA > Austin, TX Metro",Percent of Common Shares Outstanding (%),0.27,%,,2026-10-06,"filings/capitaliq/OwnerShip/OwnerShip Summary/SPGlobal_GrupoBimbo,S.A.B.deC.V._OwnershipSummary(Summary)_06-Oct-2026.xlsx",Country
by_country_region,"USA > San Francisco, CA Metro",Number of Holders,2,count,,2026-10-06,"filings/capitaliq/OwnerShip/OwnerShip Summary/SPGlobal_GrupoBimbo,S.A.B.deC.V._OwnershipSummary(Summary)_06-Oct-2026.xlsx",Country
by_country_region,"USA > San Francisco, CA Metro",Common Stock Equivalent Held,5944987,shares,,2026-10-06,"filings/capitaliq/OwnerShip/OwnerShip Summary/SPGlobal_GrupoBimbo,S.A.B.deC.V._OwnershipSummary(Summary)_06-Oct-2026.xlsx",Country
by_country_region,"USA > San Francisco, CA Metro",Percent of Common Shares Outstanding (%),0.14,%,,2026-10-06,"filings/capitaliq/OwnerShip/OwnerShip Summary/SPGlobal_GrupoBimbo,S.A.B.deC.V._OwnershipSummary(Summary)_06-Oct-2026.xlsx",Country
by_country_region,"USA > Chicago, IL Metro",Number of Holders,3,count,,2026-10-06,"filings/capitaliq/OwnerShip/OwnerShip Summary/SPGlobal_GrupoBimbo,S.A.B.deC.V._OwnershipSummary(Summary)_06-Oct-2026.xlsx",Country
by_country_region,"USA > Chicago, IL Metro",Common Stock Equivalent Held,731588,shares,,2026-10-06,"filings/capitaliq/OwnerShip/OwnerShip Summary/SPGlobal_GrupoBimbo,S.A.B.deC.V._OwnershipSummary(Summary)_06-Oct-2026.xlsx",Country
by_country_region,"USA > Chicago, IL Metro",Percent of Common Shares Outstanding (%),0.02,%,,2026-10-06,"filings/capitaliq/OwnerShip/OwnerShip Summary/SPGlobal_GrupoBimbo,S.A.B.deC.V._OwnershipSummary(Summary)_06-Oct-2026.xlsx",Country
by_country_region,"USA > Kansas City, MO Metro",Number of Holders,1,count,,2026-10-06,"filings/capitaliq/OwnerShip/OwnerShip Summary/SPGlobal_GrupoBimbo,S.A.B.deC.V._OwnershipSummary(Summary)_06-Oct-2026.xlsx",Country
by_country_region,"USA > Kansas City, MO Metro",Common Stock Equivalent Held,727757,shares,,2026-10-06,"filings/capitaliq/OwnerShip/OwnerShip Summary/SPGlobal_GrupoBimbo,S.A.B.deC.V._OwnershipSummary(Summary)_06-Oct-2026.xlsx",Country
by_country_region,"USA > Kansas City, MO Metro",Percent of Common Shares Outstanding (%),0.02,%,,2026-10-06,"filings/capitaliq/OwnerShip/OwnerShip Summary/SPGlobal_GrupoBimbo,S.A.B.deC.V._OwnershipSummary(Summary)_06-Oct-2026.xlsx",Country
by_country_region,"USA > Los Angeles, CA Metro",Number of Holders,2,count,,2026-10-06,"filings/capitaliq/OwnerShip/OwnerShip Summary/SPGlobal_GrupoBimbo,S.A.B.deC.V._OwnershipSummary(Summary)_06-Oct-2026.xlsx",Country
by_country_region,"USA > Los Angeles, CA Metro",Common Stock Equivalent Held,1071410,shares,,2026-10-06,"filings/capitaliq/OwnerShip/OwnerShip Summary/SPGlobal_GrupoBimbo,S.A.B.deC.V._OwnershipSummary(Summary)_06-Oct-2026.xlsx",Country
by_country_region,"USA > Los Angeles, CA Metro",Percent of Common Shares Outstanding (%),0.02,%,,2026-10-06,"filings/capitaliq/OwnerShip/OwnerShip Summary/SPGlobal_GrupoBimbo,S.A.B.deC.V._OwnershipSummary(Summary)_06-Oct-2026.xlsx",Country
by_country_region,"USA > Philadelphia, PA Metro",Number of Holders,2,count,,2026-10-06,"filings/capitaliq/OwnerShip/OwnerShip Summary/SPGlobal_GrupoBimbo,S.A.B.deC.V._OwnershipSummary(Summary)_06-Oct-2026.xlsx",Country
by_country_region,"USA > Philadelphia, PA Metro",Common Stock Equivalent Held,666346,shares,,2026-10-06,"filings/capitaliq/OwnerShip/OwnerShip Summary/SPGlobal_GrupoBimbo,S.A.B.deC.V._OwnershipSummary(Summary)_06-Oct-2026.xlsx",Country
by_country_region,"USA > Philadelphia, PA Metro",Percent of Common Shares Outstanding (%),0.02,%,,2026-10-06,"filings/capitaliq/OwnerShip/OwnerShip Summary/SPGlobal_GrupoBimbo,S.A.B.deC.V._OwnershipSummary(Summary)_06-Oct-2026.xlsx",Country
by_country_region,"USA > Hartford, CT Metro",Number of Holders,1,count,,2026-10-06,"filings/capitaliq/OwnerShip/OwnerShip Summary/SPGlobal_GrupoBimbo,S.A.B.deC.V._OwnershipSummary(Summary)_06-Oct-2026.xlsx",Country
by_country_region,"USA > Hartford, CT Metro",Common Stock Equivalent Held,22600,shares,,2026-10-06,"filings/capitaliq/OwnerShip/OwnerShip Summary/SPGlobal_GrupoBimbo,S.A.B.deC.V._OwnershipSummary(Summary)_06-Oct-2026.xlsx",Country
by_country_region,"USA > Hartford, CT Metro",Percent of Common Shares Outstanding (%),0,%,,2026-10-06,"filings/capitaliq/OwnerShip/OwnerShip Summary/SPGlobal_GrupoBimbo,S.A.B.deC.V._OwnershipSummary(Summary)_06-Oct-2026.xlsx",Country
by_country_region,"USA > Atlanta, GA Metro",Number of Holders,1,count,,2026-10-06,"filings/capitaliq/OwnerShip/OwnerShip Summary/SPGlobal_GrupoBimbo,S.A.B.deC.V._OwnershipSummary(Summary)_06-Oct-2026.xlsx",Country
by_country_region,"USA > Atlanta, GA Metro",Common Stock Equivalent Held,123329,shares,,2026-10-06,"filings/capitaliq/OwnerShip/OwnerShip Summary/SPGlobal_GrupoBimbo,S.A.B.deC.V._OwnershipSummary(Summary)_06-Oct-2026.xlsx",Country
by_country_region,"USA > Atlanta, GA Metro",Percent of Common Shares Outstanding (%),0,%,,2026-10-06,"filings/capitaliq/OwnerShip/OwnerShip Summary/SPGlobal_GrupoBimbo,S.A.B.deC.V._OwnershipSummary(Summary)_06-Oct-2026.xlsx",Country
by_country_region,"USA > Seattle, WA Metro",Number of Holders,1,count,,2026-10-06,"filings/capitaliq/OwnerShip/OwnerShip Summary/SPGlobal_GrupoBimbo,S.A.B.deC.V._OwnershipSummary(Summary)_06-Oct-2026.xlsx",Country
by_country_region,"USA > Seattle, WA Metro",Common Stock Equivalent Held,71000,shares,,2026-10-06,"filings/capitaliq/OwnerShip/OwnerShip Summary/SPGlobal_GrupoBimbo,S.A.B.deC.V._OwnershipSummary(Summary)_06-Oct-2026.xlsx",Country
by_country_region,"USA > Seattle, WA Metro",Percent of Common Shares Outstanding (%),0,%,,2026-10-06,"filings/capitaliq/OwnerShip/OwnerShip Summary/SPGlobal_GrupoBimbo,S.A.B.deC.V._OwnershipSummary(Summary)_06-Oct-2026.xlsx",Country
by_country_region,USA > Other,Number of Holders,3,count,,2026-10-06,"filings/capitaliq/OwnerShip/OwnerShip Summary/SPGlobal_GrupoBimbo,S.A.B.deC.V._OwnershipSummary(Summary)_06-Oct-2026.xlsx",Country
by_country_region,USA > Other,Common Stock Equivalent Held,51585156,shares,,2026-10-06,"filings/capitaliq/OwnerShip/OwnerShip Summary/SPGlobal_GrupoBimbo,S.A.B.deC.V._OwnershipSummary(Summary)_06-Oct-2026.xlsx",Country
by_country_region,USA > Other,Percent of Common Shares Outstanding (%),1.21,%,,2026-10-06,"filings/capitaliq/OwnerShip/OwnerShip Summary/SPGlobal_GrupoBimbo,S.A.B.deC.V._OwnershipSummary(Summary)_06-Oct-2026.xlsx",Country
by_country_region,United Kingdom,Number of Holders,9,count,,2026-10-06,"filings/capitaliq/OwnerShip/OwnerShip Summary/SPGlobal_GrupoBimbo,S.A.B.deC.V._OwnershipSummary(Summary)_06-Oct-2026.xlsx",Country
by_country_region,United Kingdom,Common Stock Equivalent Held,9533243,shares,,2026-10-06,"filings/capitaliq/OwnerShip/OwnerShip Summary/SPGlobal_GrupoBimbo,S.A.B.deC.V._OwnershipSummary(Summary)_06-Oct-2026.xlsx",Country
by_country_region,United Kingdom,Percent of Common Shares Outstanding (%),0.22,%,,2026-10-06,"filings/capitaliq/OwnerShip/OwnerShip Summary/SPGlobal_GrupoBimbo,S.A.B.deC.V._OwnershipSummary(Summary)_06-Oct-2026.xlsx",Country
by_country_region,"United Kingdom > London, UK Metro",Number of Holders,6,count,,2026-10-06,"filings/capitaliq/OwnerShip/OwnerShip Summary/SPGlobal_GrupoBimbo,S.A.B.deC.V._OwnershipSummary(Summary)_06-Oct-2026.xlsx",Country
by_country_region,"United Kingdom > London, UK Metro",Common Stock Equivalent Held,6014619,shares,,2026-10-06,"filings/capitaliq/OwnerShip/OwnerShip Summary/SPGlobal_GrupoBimbo,S.A.B.deC.V._OwnershipSummary(Summary)_06-Oct-2026.xlsx",Country
by_country_region,"United Kingdom > London, UK Metro",Percent of Common Shares Outstanding (%),0.14,%,,2026-10-06,"filings/capitaliq/OwnerShip/OwnerShip Summary/SPGlobal_GrupoBimbo,S.A.B.deC.V._OwnershipSummary(Summary)_06-Oct-2026.xlsx",Country
by_country_region,"United Kingdom > Birmingham, UK Metro",Number of Holders,1,count,,2026-10-06,"filings/capitaliq/OwnerShip/OwnerShip Summary/SPGlobal_GrupoBimbo,S.A.B.deC.V._OwnershipSummary(Summary)_06-Oct-2026.xlsx",Country
by_country_region,"United Kingdom > Birmingham, UK Metro",Common Stock Equivalent Held,797233,shares,,2026-10-06,"filings/capitaliq/OwnerShip/OwnerShip Summary/SPGlobal_GrupoBimbo,S.A.B.deC.V._OwnershipSummary(Summary)_06-Oct-2026.xlsx",Country
by_country_region,"United Kingdom > Birmingham, UK Metro",Percent of Common Shares Outstanding (%),0.02,%,,2026-10-06,"filings/capitaliq/OwnerShip/OwnerShip Summary/SPGlobal_GrupoBimbo,S.A.B.deC.V._OwnershipSummary(Summary)_06-Oct-2026.xlsx",Country
by_country_region,United Kingdom > Scotland Metro,Number of Holders,1,count,,2026-10-06,"filings/capitaliq/OwnerShip/OwnerShip Summary/SPGlobal_GrupoBimbo,S.A.B.deC.V._OwnershipSummary(Summary)_06-Oct-2026.xlsx",Country
by_country_region,United Kingdom > Scotland Metro,Common Stock Equivalent Held,252284,shares,,2026-10-06,"filings/capitaliq/OwnerShip/OwnerShip Summary/SPGlobal_GrupoBimbo,S.A.B.deC.V._OwnershipSummary(Summary)_06-Oct-2026.xlsx",Country
by_country_region,United Kingdom > Scotland Metro,Percent of Common Shares Outstanding (%),0.01,%,,2026-10-06,"filings/capitaliq/OwnerShip/OwnerShip Summary/SPGlobal_GrupoBimbo,S.A.B.deC.V._OwnershipSummary(Summary)_06-Oct-2026.xlsx",Country
by_country_region,United Kingdom > Other,Number of Holders,1,count,,2026-10-06,"filings/capitaliq/OwnerShip/OwnerShip Summary/SPGlobal_GrupoBimbo,S.A.B.deC.V._OwnershipSummary(Summary)_06-Oct-2026.xlsx",Country
by_country_region,United Kingdom > Other,Common Stock Equivalent Held,2469107,shares,,2026-10-06,"filings/capitaliq/OwnerShip/OwnerShip Summary/SPGlobal_GrupoBimbo,S.A.B.deC.V._OwnershipSummary(Summary)_06-Oct-2026.xlsx",Country
by_country_region,United Kingdom > Other,Percent of Common Shares Outstanding (%),0.05,%,,2026-10-06,"filings/capitaliq/OwnerShip/OwnerShip Summary/SPGlobal_GrupoBimbo,S.A.B.deC.V._OwnershipSummary(Summary)_06-Oct-2026.xlsx",Country
by_country_region,Switzerland,Number of Holders,2,count,,2026-10-06,"filings/capitaliq/OwnerShip/OwnerShip Summary/SPGlobal_GrupoBimbo,S.A.B.deC.V._OwnershipSummary(Summary)_06-Oct-2026.xlsx",Country
by_country_region,Switzerland,Common Stock Equivalent Held,4566918,shares,,2026-10-06,"filings/capitaliq/OwnerShip/OwnerShip Summary/SPGlobal_GrupoBimbo,S.A.B.deC.V._OwnershipSummary(Summary)_06-Oct-2026.xlsx",Country
by_country_region,Switzerland,Percent of Common Shares Outstanding (%),0.11,%,,2026-10-06,"filings/capitaliq/OwnerShip/OwnerShip Summary/SPGlobal_GrupoBimbo,S.A.B.deC.V._OwnershipSummary(Summary)_06-Oct-2026.xlsx",Country
by_country_region,"Switzerland > Zurich, Switzerland Metro",Number of Holders,1,count,,2026-10-06,"filings/capitaliq/OwnerShip/OwnerShip Summary/SPGlobal_GrupoBimbo,S.A.B.deC.V._OwnershipSummary(Summary)_06-Oct-2026.xlsx",Country
by_country_region,"Switzerland > Zurich, Switzerland Metro",Common Stock Equivalent Held,4118618,shares,,2026-10-06,"filings/capitaliq/OwnerShip/OwnerShip Summary/SPGlobal_GrupoBimbo,S.A.B.deC.V._OwnershipSummary(Summary)_06-Oct-2026.xlsx",Country
by_country_region,"Switzerland > Zurich, Switzerland Metro",Percent of Common Shares Outstanding (%),0.1,%,,2026-10-06,"filings/capitaliq/OwnerShip/OwnerShip Summary/SPGlobal_GrupoBimbo,S.A.B.deC.V._OwnershipSummary(Summary)_06-Oct-2026.xlsx",Country
by_country_region,Switzerland > Other,Number of Holders,1,count,,2026-10-06,"filings/capitaliq/OwnerShip/OwnerShip Summary/SPGlobal_GrupoBimbo,S.A.B.deC.V._OwnershipSummary(Summary)_06-Oct-2026.xlsx",Country
by_country_region,Switzerland > Other,Common Stock Equivalent Held,448300,shares,,2026-10-06,"filings/capitaliq/OwnerShip/OwnerShip Summary/SPGlobal_GrupoBimbo,S.A.B.deC.V._OwnershipSummary(Summary)_06-Oct-2026.xlsx",Country
by_country_region,Switzerland > Other,Percent of Common Shares Outstanding (%),0.01,%,,2026-10-06,"filings/capitaliq/OwnerShip/OwnerShip Summary/SPGlobal_GrupoBimbo,S.A.B.deC.V._OwnershipSummary(Summary)_06-Oct-2026.xlsx",Country
by_country_region,France,Number of Holders,2,count,,2026-10-06,"filings/capitaliq/OwnerShip/OwnerShip Summary/SPGlobal_GrupoBimbo,S.A.B.deC.V._OwnershipSummary(Summary)_06-Oct-2026.xlsx",Country
by_country_region,France,Common Stock Equivalent Held,4240874,shares,,2026-10-06,"filings/capitaliq/OwnerShip/OwnerShip Summary/SPGlobal_GrupoBimbo,S.A.B.deC.V._OwnershipSummary(Summary)_06-Oct-2026.xlsx",Country
by_country_region,France,Percent of Common Shares Outstanding (%),0.1,%,,2026-10-06,"filings/capitaliq/OwnerShip/OwnerShip Summary/SPGlobal_GrupoBimbo,S.A.B.deC.V._OwnershipSummary(Summary)_06-Oct-2026.xlsx",Country
by_country_region,France > Paris/Ile-de-France Metro,Number of Holders,1,count,,2026-10-06,"filings/capitaliq/OwnerShip/OwnerShip Summary/SPGlobal_GrupoBimbo,S.A.B.deC.V._OwnershipSummary(Summary)_06-Oct-2026.xlsx",Country
by_country_region,France > Paris/Ile-de-France Metro,Common Stock Equivalent Held,3825490,shares,,2026-10-06,"filings/capitaliq/OwnerShip/OwnerShip Summary/SPGlobal_GrupoBimbo,S.A.B.deC.V._OwnershipSummary(Summary)_06-Oct-2026.xlsx",Country
by_country_region,France > Paris/Ile-de-France Metro,Percent of Common Shares Outstanding (%),0.09,%,,2026-10-06,"filings/capitaliq/OwnerShip/OwnerShip Summary/SPGlobal_GrupoBimbo,S.A.B.deC.V._OwnershipSummary(Summary)_06-Oct-2026.xlsx",Country
by_country_region,France > Other,Number of Holders,1,count,,2026-10-06,"filings/capitaliq/OwnerShip/OwnerShip Summary/SPGlobal_GrupoBimbo,S.A.B.deC.V._OwnershipSummary(Summary)_06-Oct-2026.xlsx",Country
by_country_region,France > Other,Common Stock Equivalent Held,415384,shares,,2026-10-06,"filings/capitaliq/OwnerShip/OwnerShip Summary/SPGlobal_GrupoBimbo,S.A.B.deC.V._OwnershipSummary(Summary)_06-Oct-2026.xlsx",Country
by_country_region,France > Other,Percent of Common Shares Outstanding (%),0.01,%,,2026-10-06,"filings/capitaliq/OwnerShip/OwnerShip Summary/SPGlobal_GrupoBimbo,S.A.B.deC.V._OwnershipSummary(Summary)_06-Oct-2026.xlsx",Country
by_country_region,Mexico,Number of Holders,5,count,,2026-10-06,"filings/capitaliq/OwnerShip/OwnerShip Summary/SPGlobal_GrupoBimbo,S.A.B.deC.V._OwnershipSummary(Summary)_06-Oct-2026.xlsx",Country
by_country_region,Mexico,Common Stock Equivalent Held,4429504,shares,,2026-10-06,"filings/capitaliq/OwnerShip/OwnerShip Summary/SPGlobal_GrupoBimbo,S.A.B.deC.V._OwnershipSummary(Summary)_06-Oct-2026.xlsx",Country
by_country_region,Mexico,Percent of Common Shares Outstanding (%),0.1,%,,2026-10-06,"filings/capitaliq/OwnerShip/OwnerShip Summary/SPGlobal_GrupoBimbo,S.A.B.deC.V._OwnershipSummary(Summary)_06-Oct-2026.xlsx",Country
by_country_region,Mexico > Mexico City Metro,Number of Holders,3,count,,2026-10-06,"filings/capitaliq/OwnerShip/OwnerShip Summary/SPGlobal_GrupoBimbo,S.A.B.deC.V._OwnershipSummary(Summary)_06-Oct-2026.xlsx",Country
by_country_region,Mexico > Mexico City Metro,Common Stock Equivalent Held,1919626,shares,,2026-10-06,"filings/capitaliq/OwnerShip/OwnerShip Summary/SPGlobal_GrupoBimbo,S.A.B.deC.V._OwnershipSummary(Summary)_06-Oct-2026.xlsx",Country
by_country_region,Mexico > Mexico City Metro,Percent of Common Shares Outstanding (%),0.04,%,,2026-10-06,"filings/capitaliq/OwnerShip/OwnerShip Summary/SPGlobal_GrupoBimbo,S.A.B.deC.V._OwnershipSummary(Summary)_06-Oct-2026.xlsx",Country
by_country_region,Mexico > Other,Number of Holders,2,count,,2026-10-06,"filings/capitaliq/OwnerShip/OwnerShip Summary/SPGlobal_GrupoBimbo,S.A.B.deC.V._OwnershipSummary(Summary)_06-Oct-2026.xlsx",Country
by_country_region,Mexico > Other,Common Stock Equivalent Held,2509878,shares,,2026-10-06,"filings/capitaliq/OwnerShip/OwnerShip Summary/SPGlobal_GrupoBimbo,S.A.B.deC.V._OwnershipSummary(Summary)_06-Oct-2026.xlsx",Country
by_country_region,Mexico > Other,Percent of Common Shares Outstanding (%),0.06,%,,2026-10-06,"filings/capitaliq/OwnerShip/OwnerShip Summary/SPGlobal_GrupoBimbo,S.A.B.deC.V._OwnershipSummary(Summary)_06-Oct-2026.xlsx",Country
top_buyers,Dimensional Fund Advisors LP,MI Key,111289,,,2026-10-06,"filings/capitaliq/OwnerShip/OwnerShip Summary/SPGlobal_GrupoBimbo,S.A.B.deC.V._OwnershipSummary(Summary)_06-Oct-2026.xlsx",Top Buyers and Sellers
top_buyers,Dimensional Fund Advisors LP,Common Stock Equivalent Held,11755209,shares,,2026-10-06,"filings/capitaliq/OwnerShip/OwnerShip Summary/SPGlobal_GrupoBimbo,S.A.B.deC.V._OwnershipSummary(Summary)_06-Oct-2026.xlsx",Top Buyers and Sellers
top_buyers,Dimensional Fund Advisors LP,Change in Shares,496544,shares,,2026-10-06,"filings/capitaliq/OwnerShip/OwnerShip Summary/SPGlobal_GrupoBimbo,S.A.B.deC.V._OwnershipSummary(Summary)_06-Oct-2026.xlsx",Top Buyers and Sellers
top_buyers,Dimensional Fund Advisors LP,Position Date,2026-08-31,,,2026-10-06,"filings/capitaliq/OwnerShip/OwnerShip Summary/SPGlobal_GrupoBimbo,S.A.B.deC.V._OwnershipSummary(Summary)_06-Oct-2026.xlsx",Top Buyers and Sellers
top_buyers,Dimensional Fund Advisors LP,Institution is an Activist?,No,,,2026-10-06,"filings/capitaliq/OwnerShip/OwnerShip Summary/SPGlobal_GrupoBimbo,S.A.B.deC.V._OwnershipSummary(Summary)_06-Oct-2026.xlsx",Top Buyers and Sellers
top_sellers,Impulsora Del Fondo Mexico SC,MI Key,4118867,,,2026-10-06,"filings/capitaliq/OwnerShip/OwnerShip Summary/SPGlobal_GrupoBimbo,S.A.B.deC.V._OwnershipSummary(Summary)_06-Oct-2026.xlsx",Top Buyers and Sellers
top_sellers,Impulsora Del Fondo Mexico SC,Common Stock Equivalent Held,1800000,shares,,2026-10-06,"filings/capitaliq/OwnerShip/OwnerShip Summary/SPGlobal_GrupoBimbo,S.A.B.deC.V._OwnershipSummary(Summary)_06-Oct-2026.xlsx",Top Buyers and Sellers
top_sellers,Impulsora Del Fondo Mexico SC,Change in Shares,-315448,shares,,2026-10-06,"filings/capitaliq/OwnerShip/OwnerShip Summary/SPGlobal_GrupoBimbo,S.A.B.deC.V._OwnershipSummary(Summary)_06-Oct-2026.xlsx",Top Buyers and Sellers
top_sellers,Impulsora Del Fondo Mexico SC,Position Date,2026-07-31,,,2026-10-06,"filings/capitaliq/OwnerShip/OwnerShip Summary/SPGlobal_GrupoBimbo,S.A.B.deC.V._OwnershipSummary(Summary)_06-Oct-2026.xlsx",Top Buyers and Sellers
top_sellers,Impulsora Del Fondo Mexico SC,Institution is an Activist?,No,,,2026-10-06,"filings/capitaliq/OwnerShip/OwnerShip Summary/SPGlobal_GrupoBimbo,S.A.B.deC.V._OwnershipSummary(Summary)_06-Oct-2026.xlsx",Top Buyers and Sellers
top_buyers,American Century Investment Management Inc,MI Key,111074,,,2026-10-06,"filings/capitaliq/OwnerShip/OwnerShip Summary/SPGlobal_GrupoBimbo,S.A.B.deC.V._OwnershipSummary(Summary)_06-Oct-2026.xlsx",Top Buyers and Sellers
top_buyers,American Century Investment Management Inc,Common Stock Equivalent Held,727757,shares,,2026-10-06,"filings/capitaliq/OwnerShip/OwnerShip Summary/SPGlobal_GrupoBimbo,S.A.B.deC.V._OwnershipSummary(Summary)_06-Oct-2026.xlsx",Top Buyers and Sellers
top_buyers,American Century Investment Management Inc,Change in Shares,265169,shares,,2026-10-06,"filings/capitaliq/OwnerShip/OwnerShip Summary/SPGlobal_GrupoBimbo,S.A.B.deC.V._OwnershipSummary(Summary)_06-Oct-2026.xlsx",Top Buyers and Sellers
top_buyers,American Century Investment Management Inc,Position Date,2026-08-31,,,2026-10-06,"filings/capitaliq/OwnerShip/OwnerShip Summary/SPGlobal_GrupoBimbo,S.A.B.deC.V._OwnershipSummary(Summary)_06-Oct-2026.xlsx",Top Buyers and Sellers
top_buyers,American Century Investment Management Inc,Institution is an Activist?,No,,,2026-10-06,"filings/capitaliq/OwnerShip/OwnerShip Summary/SPGlobal_GrupoBimbo,S.A.B.deC.V._OwnershipSummary(Summary)_06-Oct-2026.xlsx",Top Buyers and Sellers
top_sellers,"Administradora General de Fondos Sura, S.A.",MI Key,4283269,,,2026-10-06,"filings/capitaliq/OwnerShip/OwnerShip Summary/SPGlobal_GrupoBimbo,S.A.B.deC.V._OwnershipSummary(Summary)_06-Oct-2026.xlsx",Top Buyers and Sellers
top_sellers,"Administradora General de Fondos Sura, S.A.",Common Stock Equivalent Held,0,shares,,2026-10-06,"filings/capitaliq/OwnerShip/OwnerShip Summary/SPGlobal_GrupoBimbo,S.A.B.deC.V._OwnershipSummary(Summary)_06-Oct-2026.xlsx",Top Buyers and Sellers
top_sellers,"Administradora General de Fondos Sura, S.A.",Change in Shares,-37973,shares,,2026-10-06,"filings/capitaliq/OwnerShip/OwnerShip Summary/SPGlobal_GrupoBimbo,S.A.B.deC.V._OwnershipSummary(Summary)_06-Oct-2026.xlsx",Top Buyers and Sellers
top_sellers,"Administradora General de Fondos Sura, S.A.",Position Date,2026-10-05,,,2026-10-06,"filings/capitaliq/OwnerShip/OwnerShip Summary/SPGlobal_GrupoBimbo,S.A.B.deC.V._OwnershipSummary(Summary)_06-Oct-2026.xlsx",Top Buyers and Sellers
top_sellers,"Administradora General de Fondos Sura, S.A.",Institution is an Activist?,No,,,2026-10-06,"filings/capitaliq/OwnerShip/OwnerShip Summary/SPGlobal_GrupoBimbo,S.A.B.deC.V._OwnershipSummary(Summary)_06-Oct-2026.xlsx",Top Buyers and Sellers
top_buyers,BlackRock Inc.,MI Key,4048287,,,2026-10-06,"filings/capitaliq/OwnerShip/OwnerShip Summary/SPGlobal_GrupoBimbo,S.A.B.deC.V._OwnershipSummary(Summary)_06-Oct-2026.xlsx",Top Buyers and Sellers
top_buyers,BlackRock Inc.,Common Stock Equivalent Held,104120971,shares,,2026-10-06,"filings/capitaliq/OwnerShip/OwnerShip Summary/SPGlobal_GrupoBimbo,S.A.B.deC.V._OwnershipSummary(Summary)_06-Oct-2026.xlsx",Top Buyers and Sellers
top_buyers,BlackRock Inc.,Change in Shares,238701,shares,,2026-10-06,"filings/capitaliq/OwnerShip/OwnerShip Summary/SPGlobal_GrupoBimbo,S.A.B.deC.V._OwnershipSummary(Summary)_06-Oct-2026.xlsx",Top Buyers and Sellers
top_buyers,BlackRock Inc.,Position Date,2026-09-30,,,2026-10-06,"filings/capitaliq/OwnerShip/OwnerShip Summary/SPGlobal_GrupoBimbo,S.A.B.deC.V._OwnershipSummary(Summary)_06-Oct-2026.xlsx",Top Buyers and Sellers
top_buyers,BlackRock Inc.,Institution is an Activist?,No,,,2026-10-06,"filings/capitaliq/OwnerShip/OwnerShip Summary/SPGlobal_GrupoBimbo,S.A.B.deC.V._OwnershipSummary(Summary)_06-Oct-2026.xlsx",Top Buyers and Sellers
top_sellers,Impulsora de Fondos Banamex S.A. de C.V. Sociedad Operadora de Sociedades de Inv,MI Key,5762363,,,2026-10-06,"filings/capitaliq/OwnerShip/OwnerShip Summary/SPGlobal_GrupoBimbo,S.A.B.deC.V._OwnershipSummary(Summary)_06-Oct-2026.xlsx",Top Buyers and Sellers
top_sellers,Impulsora de Fondos Banamex S.A. de C.V. Sociedad Operadora de Sociedades de Inv,Common Stock Equivalent Held,19626,shares,,2026-10-06,"filings/capitaliq/OwnerShip/OwnerShip Summary/SPGlobal_GrupoBimbo,S.A.B.deC.V._OwnershipSummary(Summary)_06-Oct-2026.xlsx",Top Buyers and Sellers
top_sellers,Impulsora de Fondos Banamex S.A. de C.V. Sociedad Operadora de Sociedades de Inv,Change in Shares,-36704,shares,,2026-10-06,"filings/capitaliq/OwnerShip/OwnerShip Summary/SPGlobal_GrupoBimbo,S.A.B.deC.V._OwnershipSummary(Summary)_06-Oct-2026.xlsx",Top Buyers and Sellers
top_sellers,Impulsora de Fondos Banamex S.A. de C.V. Sociedad Operadora de Sociedades de Inv,Position Date,2026-06-29,,,2026-10-06,"filings/capitaliq/OwnerShip/OwnerShip Summary/SPGlobal_GrupoBimbo,S.A.B.deC.V._OwnershipSummary(Summary)_06-Oct-2026.xlsx",Top Buyers and Sellers
top_sellers,Impulsora de Fondos Banamex S.A. de C.V. Sociedad Operadora de Sociedades de Inv,Institution is an Activist?,No,,,2026-10-06,"filings/capitaliq/OwnerShip/OwnerShip Summary/SPGlobal_GrupoBimbo,S.A.B.deC.V._OwnershipSummary(Summary)_06-Oct-2026.xlsx",Top Buyers and Sellers
top_buyers,Geode Capital Management LLC,MI Key,4119759,,,2026-10-06,"filings/capitaliq/OwnerShip/OwnerShip Summary/SPGlobal_GrupoBimbo,S.A.B.deC.V._OwnershipSummary(Summary)_06-Oct-2026.xlsx",Top Buyers and Sellers
top_buyers,Geode Capital Management LLC,Common Stock Equivalent Held,6721307,shares,,2026-10-06,"filings/capitaliq/OwnerShip/OwnerShip Summary/SPGlobal_GrupoBimbo,S.A.B.deC.V._OwnershipSummary(Summary)_06-Oct-2026.xlsx",Top Buyers and Sellers
top_buyers,Geode Capital Management LLC,Change in Shares,187396,shares,,2026-10-06,"filings/capitaliq/OwnerShip/OwnerShip Summary/SPGlobal_GrupoBimbo,S.A.B.deC.V._OwnershipSummary(Summary)_06-Oct-2026.xlsx",Top Buyers and Sellers
top_buyers,Geode Capital Management LLC,Position Date,2026-07-31,,,2026-10-06,"filings/capitaliq/OwnerShip/OwnerShip Summary/SPGlobal_GrupoBimbo,S.A.B.deC.V._OwnershipSummary(Summary)_06-Oct-2026.xlsx",Top Buyers and Sellers
top_buyers,Geode Capital Management LLC,Institution is an Activist?,No,,,2026-10-06,"filings/capitaliq/OwnerShip/OwnerShip Summary/SPGlobal_GrupoBimbo,S.A.B.deC.V._OwnershipSummary(Summary)_06-Oct-2026.xlsx",Top Buyers and Sellers
top_sellers,Administradora General de Fondos Security SA,MI Key,4279126,,,2026-10-06,"filings/capitaliq/OwnerShip/OwnerShip Summary/SPGlobal_GrupoBimbo,S.A.B.deC.V._OwnershipSummary(Summary)_06-Oct-2026.xlsx",Top Buyers and Sellers
top_sellers,Administradora General de Fondos Security SA,Common Stock Equivalent Held,0,shares,,2026-10-06,"filings/capitaliq/OwnerShip/OwnerShip Summary/SPGlobal_GrupoBimbo,S.A.B.deC.V._OwnershipSummary(Summary)_06-Oct-2026.xlsx",Top Buyers and Sellers
top_sellers,Administradora General de Fondos Security SA,Change in Shares,-36359,shares,,2026-10-06,"filings/capitaliq/OwnerShip/OwnerShip Summary/SPGlobal_GrupoBimbo,S.A.B.deC.V._OwnershipSummary(Summary)_06-Oct-2026.xlsx",Top Buyers and Sellers
top_sellers,Administradora General de Fondos Security SA,Position Date,2026-06-30,,,2026-10-06,"filings/capitaliq/OwnerShip/OwnerShip Summary/SPGlobal_GrupoBimbo,S.A.B.deC.V._OwnershipSummary(Summary)_06-Oct-2026.xlsx",Top Buyers and Sellers
top_sellers,Administradora General de Fondos Security SA,Institution is an Activist?,No,,,2026-10-06,"filings/capitaliq/OwnerShip/OwnerShip Summary/SPGlobal_GrupoBimbo,S.A.B.deC.V._OwnershipSummary(Summary)_06-Oct-2026.xlsx",Top Buyers and Sellers
top_buyers,BMO Asset Management Corp.,MI Key,109988,,,2026-10-06,"filings/capitaliq/OwnerShip/OwnerShip Summary/SPGlobal_GrupoBimbo,S.A.B.deC.V._OwnershipSummary(Summary)_06-Oct-2026.xlsx",Top Buyers and Sellers
top_buyers,BMO Asset Management Corp.,Common Stock Equivalent Held,331500,shares,,2026-10-06,"filings/capitaliq/OwnerShip/OwnerShip Summary/SPGlobal_GrupoBimbo,S.A.B.deC.V._OwnershipSummary(Summary)_06-Oct-2026.xlsx",Top Buyers and Sellers
top_buyers,BMO Asset Management Corp.,Change in Shares,184900,shares,,2026-10-06,"filings/capitaliq/OwnerShip/OwnerShip Summary/SPGlobal_GrupoBimbo,S.A.B.deC.V._OwnershipSummary(Summary)_06-Oct-2026.xlsx",Top Buyers and Sellers
top_buyers,BMO Asset Management Corp.,Position Date,2026-08-31,,,2026-10-06,"filings/capitaliq/OwnerShip/OwnerShip Summary/SPGlobal_GrupoBimbo,S.A.B.deC.V._OwnershipSummary(Summary)_06-Oct-2026.xlsx",Top Buyers and Sellers
top_buyers,BMO Asset Management Corp.,Institution is an Activist?,No,,,2026-10-06,"filings/capitaliq/OwnerShip/OwnerShip Summary/SPGlobal_GrupoBimbo,S.A.B.deC.V._OwnershipSummary(Summary)_06-Oct-2026.xlsx",Top Buyers and Sellers
top_sellers,Manulife Asset Management,MI Key,5747632,,,2026-10-06,"filings/capitaliq/OwnerShip/OwnerShip Summary/SPGlobal_GrupoBimbo,S.A.B.deC.V._OwnershipSummary(Summary)_06-Oct-2026.xlsx",Top Buyers and Sellers
top_sellers,Manulife Asset Management,Common Stock Equivalent Held,191357,shares,,2026-10-06,"filings/capitaliq/OwnerShip/OwnerShip Summary/SPGlobal_GrupoBimbo,S.A.B.deC.V._OwnershipSummary(Summary)_06-Oct-2026.xlsx",Top Buyers and Sellers
top_sellers,Manulife Asset Management,Change in Shares,-26200,shares,,2026-10-06,"filings/capitaliq/OwnerShip/OwnerShip Summary/SPGlobal_GrupoBimbo,S.A.B.deC.V._OwnershipSummary(Summary)_06-Oct-2026.xlsx",Top Buyers and Sellers
top_sellers,Manulife Asset Management,Position Date,2026-05-31,,,2026-10-06,"filings/capitaliq/OwnerShip/OwnerShip Summary/SPGlobal_GrupoBimbo,S.A.B.deC.V._OwnershipSummary(Summary)_06-Oct-2026.xlsx",Top Buyers and Sellers
top_sellers,Manulife Asset Management,Institution is an Activist?,No,,,2026-10-06,"filings/capitaliq/OwnerShip/OwnerShip Summary/SPGlobal_GrupoBimbo,S.A.B.deC.V._OwnershipSummary(Summary)_06-Oct-2026.xlsx",Top Buyers and Sellers
institutional_activity_2026-03-31_to_2026-06-30,Total Positions,Number of Holders,96,count,,2026-06-30,"filings/capitaliq/OwnerShip/OwnerShip Summary/SPGlobal_GrupoBimbo,S.A.B.deC.V._OwnershipSummary(Summary)_06-Oct-2026.xlsx",Ownership Activity
institutional_activity_2026-03-31_to_2026-06-30,Total Positions,Common Stock Equivalent Held,234500224,shares,,2026-06-30,"filings/capitaliq/OwnerShip/OwnerShip Summary/SPGlobal_GrupoBimbo,S.A.B.deC.V._OwnershipSummary(Summary)_06-Oct-2026.xlsx",Ownership Activity
institutional_activity_2026-03-31_to_2026-06-30,New Positions,Number of Holders,3,count,,2026-06-30,"filings/capitaliq/OwnerShip/OwnerShip Summary/SPGlobal_GrupoBimbo,S.A.B.deC.V._OwnershipSummary(Summary)_06-Oct-2026.xlsx",Ownership Activity
institutional_activity_2026-03-31_to_2026-06-30,New Positions,Common Stock Equivalent Held,294953,shares,,2026-06-30,"filings/capitaliq/OwnerShip/OwnerShip Summary/SPGlobal_GrupoBimbo,S.A.B.deC.V._OwnershipSummary(Summary)_06-Oct-2026.xlsx",Ownership Activity
institutional_activity_2026-03-31_to_2026-06-30,Increased Positions,Number of Holders,19,count,,2026-06-30,"filings/capitaliq/OwnerShip/OwnerShip Summary/SPGlobal_GrupoBimbo,S.A.B.deC.V._OwnershipSummary(Summary)_06-Oct-2026.xlsx",Ownership Activity
institutional_activity_2026-03-31_to_2026-06-30,Increased Positions,Common Stock Equivalent Held,2678548,shares,,2026-06-30,"filings/capitaliq/OwnerShip/OwnerShip Summary/SPGlobal_GrupoBimbo,S.A.B.deC.V._OwnershipSummary(Summary)_06-Oct-2026.xlsx",Ownership Activity
institutional_activity_2026-03-31_to_2026-06-30,Decreased Positions,Number of Holders,20,count,,2026-06-30,"filings/capitaliq/OwnerShip/OwnerShip Summary/SPGlobal_GrupoBimbo,S.A.B.deC.V._OwnershipSummary(Summary)_06-Oct-2026.xlsx",Ownership Activity
institutional_activity_2026-03-31_to_2026-06-30,Decreased Positions,Common Stock Equivalent Held,-10066904,shares,,2026-06-30,"filings/capitaliq/OwnerShip/OwnerShip Summary/SPGlobal_GrupoBimbo,S.A.B.deC.V._OwnershipSummary(Summary)_06-Oct-2026.xlsx",Ownership Activity
institutional_activity_2026-03-31_to_2026-06-30,Sold Out Positions,Number of Holders,2,count,,2026-06-30,"filings/capitaliq/OwnerShip/OwnerShip Summary/SPGlobal_GrupoBimbo,S.A.B.deC.V._OwnershipSummary(Summary)_06-Oct-2026.xlsx",Ownership Activity
institutional_activity_2026-03-31_to_2026-06-30,Sold Out Positions,Common Stock Equivalent Held,-46157,shares,,2026-06-30,"filings/capitaliq/OwnerShip/OwnerShip Summary/SPGlobal_GrupoBimbo,S.A.B.deC.V._OwnershipSummary(Summary)_06-Oct-2026.xlsx",Ownership Activity
no_data,Individuals/Insiders,note,CIQ: No data matches your settings,,,2026-10-06,"filings/capitaliq/OwnerShip/OwnerShip Summary/SPGlobal_GrupoBimbo,S.A.B.deC.V._OwnershipSummary(Summary)_06-Oct-2026.xlsx",Ownership Activity
no_data,Other Strategic Holders,note,CIQ: No data matches your settings,,,2026-10-06,"filings/capitaliq/OwnerShip/OwnerShip Summary/SPGlobal_GrupoBimbo,S.A.B.deC.V._OwnershipSummary(Summary)_06-Oct-2026.xlsx",Ownership Activity
