Holder,MI Key,Common Stock Equivalent Held,Percent of Common Shares Outstanding (%),Market Value (Mex$M),Change in Shares (actual),Change (%),Position Date,Source,Portfolio Turnover Category,Portfolio Turnover (%),Investment Orientation,Equity Assets (Mex$M),City,State,Country,Calculated Investment Style,Calculated Market Cap Emphasis,Owner Type,Funds,Derivatives Ex. 60 Days,Institution is an Activist?,download_date,price_basis,source_file,sheet
BlackRock Inc.,4048287,104120971,2.42,5769.34300311,238701,0.23,2026-09-30,Multiple,Very Low,6.4683,Passive,8205861.78,New York,NY,USA,Growth,Large Cap,Traditional Investment Managers,42,,No,2026-10-06,MXN 55.41 close 2026-10-06,"filings/capitaliq/OwnerShip/OwnerShip Detailed/SPGlobal_GrupoBimbo,S.A.B.deC.V._OwnershipDetailed_06-Oct-2026.xlsx",Ownership Detailed
Vanguard Capital Management LLC,137764443,50654024,1.18,2806.73946984,163900,0.325,2026-08-31,Multiple,,,,6422131.19,Malvern,PA,USA,Growth,Large Cap,Traditional Investment Managers,9,,No,2026-10-06,MXN 55.41 close 2026-10-06,"filings/capitaliq/OwnerShip/OwnerShip Detailed/SPGlobal_GrupoBimbo,S.A.B.deC.V._OwnershipDetailed_06-Oct-2026.xlsx",Ownership Detailed
Dimensional Fund Advisors LP,111289,11755209,0.27,651.35613069,496544,4.41,2026-08-31,Multiple,Very Low,9.7395,Active,788152.6,Austin,TX,USA,Growth,Large Cap,Traditional Investment Managers,38,,No,2026-10-06,MXN 55.41 close 2026-10-06,"filings/capitaliq/OwnerShip/OwnerShip Detailed/SPGlobal_GrupoBimbo,S.A.B.deC.V._OwnershipDetailed_06-Oct-2026.xlsx",Ownership Detailed
Geode Capital Management LLC,4119759,6721307,0.16,372.42762087,187396,2.868,2026-07-31,Multiple,Very Low,4.5831,Passive,2135437.36,Boston,MA,USA,Growth,Large Cap,Traditional Investment Managers,11,,No,2026-10-06,MXN 55.41 close 2026-10-06,"filings/capitaliq/OwnerShip/OwnerShip Detailed/SPGlobal_GrupoBimbo,S.A.B.deC.V._OwnershipDetailed_06-Oct-2026.xlsx",Ownership Detailed
Charles Schwab Investment Management Inc.,4048695,5233843,0.12,290.00724063,150554,2.962,2026-08-31,Multiple,Very Low,9.1199,Passive,784043.51,San Francisco,CA,USA,Growth,Large Cap,Traditional Investment Managers,3,,No,2026-10-06,MXN 55.41 close 2026-10-06,"filings/capitaliq/OwnerShip/OwnerShip Detailed/SPGlobal_GrupoBimbo,S.A.B.deC.V._OwnershipDetailed_06-Oct-2026.xlsx",Ownership Detailed
Deutsche Asset & Wealth Management,111219,5018549,0.12,278.07780009,0,,2026-06-30,Aggregated Mutual Funds,Very Low,18.5436,Active,422644.07,New York,NY,USA,Growth,Large Cap,Traditional Investment Managers,11,,No,2026-10-06,MXN 55.41 close 2026-10-06,"filings/capitaliq/OwnerShip/OwnerShip Detailed/SPGlobal_GrupoBimbo,S.A.B.deC.V._OwnershipDetailed_06-Oct-2026.xlsx",Ownership Detailed
State Street Investment Management,110652,4424954,0.1,245.18670114,32209,0.733,2026-09-30,Multiple,Very Low,3.7016,Passive,3716349.17,Boston,MA,USA,Growth,Large Cap,Traditional Investment Managers,17,,No,2026-10-06,MXN 55.41 close 2026-10-06,"filings/capitaliq/OwnerShip/OwnerShip Detailed/SPGlobal_GrupoBimbo,S.A.B.deC.V._OwnershipDetailed_06-Oct-2026.xlsx",Ownership Detailed
GAMCO Investors Inc.,4018163,4190000,0.1,232.1679,-14000,-0.333,2026-06-30,Multiple,Very Low,10.9006,Active,26416.18,Palm Beach,FL,USA,Growth,Large Cap,Traditional Investment Managers,3,,Yes,2026-10-06,MXN 55.41 close 2026-10-06,"filings/capitaliq/OwnerShip/OwnerShip Detailed/SPGlobal_GrupoBimbo,S.A.B.deC.V._OwnershipDetailed_06-Oct-2026.xlsx",Ownership Detailed
UBS Asset Management AG,4674815,4118618,0.1,228.21262338,0,,2026-07-31,Aggregated Mutual Funds,Low,20.225,Active,1337687.44,Zurich,,Switzerland,Growth,Large Cap,Traditional Investment Managers,17,,No,2026-10-06,MXN 55.41 close 2026-10-06,"filings/capitaliq/OwnerShip/OwnerShip Detailed/SPGlobal_GrupoBimbo,S.A.B.deC.V._OwnershipDetailed_06-Oct-2026.xlsx",Ownership Detailed
Amundi Asset Management SAS,4026948,3825490,0.09,211.9704009,61707,1.639,2026-08-31,Aggregated Mutual Funds,Low,21.034,Active,675652.32,Paris,,France,Growth,Large Cap,Traditional Investment Managers,11,,No,2026-10-06,MXN 55.41 close 2026-10-06,"filings/capitaliq/OwnerShip/OwnerShip Detailed/SPGlobal_GrupoBimbo,S.A.B.deC.V._OwnershipDetailed_06-Oct-2026.xlsx",Ownership Detailed
Sjunde AP-fonden,4140101,2965481,0.07,164.31730221,0,,2025-12-31,Aggregated Mutual Funds,Very Low,5.4729,Active,138462.38,Stockholm,,Sweden,Growth,Large Cap,Government Pension Sponsors,1,,No,2026-10-06,MXN 55.41 close 2026-10-06,"filings/capitaliq/OwnerShip/OwnerShip Detailed/SPGlobal_GrupoBimbo,S.A.B.deC.V._OwnershipDetailed_06-Oct-2026.xlsx",Ownership Detailed
Vanguard Asset Management Ltd.,4723508,2469107,0.06,136.81321887,21000,0.858,2026-07-31,Aggregated Mutual Funds,Very Low,3.8409,Active,277622.79,London,,United Kingdom,Growth,Large Cap,Traditional Investment Managers,6,,No,2026-10-06,MXN 55.41 close 2026-10-06,"filings/capitaliq/OwnerShip/OwnerShip Detailed/SPGlobal_GrupoBimbo,S.A.B.deC.V._OwnershipDetailed_06-Oct-2026.xlsx",Ownership Detailed
Canada Pension Plan Investment Board,4153483,2244000,0.05,124.34004,0,,2026-03-31,Aggregated Mutual Funds,Low,36.1368,Active,240506.7,Toronto,ON,Canada,Growth,Large Cap,Government Pension Sponsors,1,,No,2026-10-06,MXN 55.41 close 2026-10-06,"filings/capitaliq/OwnerShip/OwnerShip Detailed/SPGlobal_GrupoBimbo,S.A.B.deC.V._OwnershipDetailed_06-Oct-2026.xlsx",Ownership Detailed
Northern Trust Global Investments,4272373,2196471,0.05,121.70645811,0,,2026-08-31,Aggregated Mutual Funds,Very Low,4.6433,Active,841968.4,,,United Kingdom,Growth,Large Cap,Traditional Investment Managers,9,,No,2026-10-06,MXN 55.41 close 2026-10-06,"filings/capitaliq/OwnerShip/OwnerShip Detailed/SPGlobal_GrupoBimbo,S.A.B.deC.V._OwnershipDetailed_06-Oct-2026.xlsx",Ownership Detailed
VIGM S.A. De C.V. Asesor En Inversiones Independiente,15139885,2085760,0.05,115.5719616,0,,2026-01-31,Aggregated Mutual Funds,Very Low,4.672100067138672,Active,391.08,Ciudad De Mexico,DF,Mexico,Growth,Large Cap,Traditional Investment Managers,1,,No,2026-10-06,MXN 55.41 close 2026-10-06,"filings/capitaliq/OwnerShip/OwnerShip Detailed/SPGlobal_GrupoBimbo,S.A.B.deC.V._OwnershipDetailed_06-Oct-2026.xlsx",Ownership Detailed
Impulsora Del Fondo Mexico SC,4118867,1800000,0.04,99.738,-315448,-14.912,2026-07-31,Aggregated Mutual Funds,Very Low,10.253,Active,323.42,Mexico City,DF,Mexico,Growth,Large Cap,Traditional Investment Managers,1,,No,2026-10-06,MXN 55.41 close 2026-10-06,"filings/capitaliq/OwnerShip/OwnerShip Detailed/SPGlobal_GrupoBimbo,S.A.B.deC.V._OwnershipDetailed_06-Oct-2026.xlsx",Ownership Detailed
Mitsubishi UFJ Asset Management Co. Ltd.,4607441,1463100,0.03,81.070371,0,,2026-05-12,Aggregated Mutual Funds,Very Low,7.4293,Active,223928.1,Tokyo,,Japan,Growth,Large Cap,Traditional Investment Managers,1,,No,2026-10-06,MXN 55.41 close 2026-10-06,"filings/capitaliq/OwnerShip/OwnerShip Detailed/SPGlobal_GrupoBimbo,S.A.B.deC.V._OwnershipDetailed_06-Oct-2026.xlsx",Ownership Detailed
Royal London Asset Management Ltd.,4138770,1380241,0.03,76.47915381,0,,2026-02-28,Aggregated Mutual Funds,Very Low,15.1255,Active,96820.72,London,,United Kingdom,Growth,Large Cap,Traditional Investment Managers,1,,Yes,2026-10-06,MXN 55.41 close 2026-10-06,"filings/capitaliq/OwnerShip/OwnerShip Detailed/SPGlobal_GrupoBimbo,S.A.B.deC.V._OwnershipDetailed_06-Oct-2026.xlsx",Ownership Detailed
Goldman Sachs Asset Management LP,110587,1170937,0.03,64.88161917,23870,2.081,2026-08-31,Multiple,Low,20.0035,Active,551098.4,New York,NY,USA,Growth,Large Cap,Traditional Investment Managers,5,,No,2026-10-06,MXN 55.41 close 2026-10-06,"filings/capitaliq/OwnerShip/OwnerShip Detailed/SPGlobal_GrupoBimbo,S.A.B.deC.V._OwnershipDetailed_06-Oct-2026.xlsx",Ownership Detailed
Teachers Insurance and Annuity Association-College Retirement Equities Fund,4270330,1080641,0.03,59.87831781,16500,1.551,2026-06-30,Multiple,Very Low,17.478,Active,424831.3,New York,NY,USA,Growth,Large Cap,Traditional Investment Managers,2,,No,2026-10-06,MXN 55.41 close 2026-10-06,"filings/capitaliq/OwnerShip/OwnerShip Detailed/SPGlobal_GrupoBimbo,S.A.B.deC.V._OwnershipDetailed_06-Oct-2026.xlsx",Ownership Detailed
Nuveen Asset Management,110895,1056189,0.02,58.52343249,0,,2026-07-31,Aggregated Mutual Funds,Low,31.28,Active,197345.58,Chicago,IL,USA,Growth,Large Cap,Insurance Companies,1,,No,2026-10-06,MXN 55.41 close 2026-10-06,"filings/capitaliq/OwnerShip/OwnerShip Detailed/SPGlobal_GrupoBimbo,S.A.B.deC.V._OwnershipDetailed_06-Oct-2026.xlsx",Ownership Detailed
HSBC Global Asset Management (UK) Ltd.,4115698,950928,0.02,52.69092048,51543,5.731,2026-09-01,Aggregated Mutual Funds,Low,24.9148,Active,323754.27,London,,United Kingdom,Growth,Large Cap,Traditional Investment Managers,6,,No,2026-10-06,MXN 55.41 close 2026-10-06,"filings/capitaliq/OwnerShip/OwnerShip Detailed/SPGlobal_GrupoBimbo,S.A.B.deC.V._OwnershipDetailed_06-Oct-2026.xlsx",Ownership Detailed
Inspire Investing LLC,4904663,931132,0.02,51.59402412,26587,2.939,2026-07-31,Aggregated Mutual Funds,Low,39.4443,Active,3155.24,Meridian,ID,USA,Growth,Large Cap,Traditional Investment Managers,2,,No,2026-10-06,MXN 55.41 close 2026-10-06,"filings/capitaliq/OwnerShip/OwnerShip Detailed/SPGlobal_GrupoBimbo,S.A.B.deC.V._OwnershipDetailed_06-Oct-2026.xlsx",Ownership Detailed
Aviva Investors Global Services Ltd.,4376121,912988,0.02,50.58866508,-13354,-1.442,2026-04-15,Aggregated Mutual Funds,Very Low,16.4355,Active,100094.77,London,,United Kingdom,Growth,Large Cap,Traditional Investment Managers,3,,No,2026-10-06,MXN 55.41 close 2026-10-06,"filings/capitaliq/OwnerShip/OwnerShip Detailed/SPGlobal_GrupoBimbo,S.A.B.deC.V._OwnershipDetailed_06-Oct-2026.xlsx",Ownership Detailed
Phoenix Unit Trust Managers Ltd.,7834181,797233,0.02,44.174680529999996,0,,2025-07-31,Aggregated Mutual Funds,Very Low,19.374,,46143.09,Birmingham,,United Kingdom,Growth,Large Cap,Traditional Investment Managers,1,,No,2026-10-06,MXN 55.41 close 2026-10-06,"filings/capitaliq/OwnerShip/OwnerShip Detailed/SPGlobal_GrupoBimbo,S.A.B.deC.V._OwnershipDetailed_06-Oct-2026.xlsx",Ownership Detailed
KBC Asset Management NV,4111901,742537,0.02,41.14397517,0,,2026-02-28,Aggregated Mutual Funds,Low,32.4159,Active,67464.86,Brussels,,Belgium,Growth,Large Cap,Traditional Investment Managers,4,,No,2026-10-06,MXN 55.41 close 2026-10-06,"filings/capitaliq/OwnerShip/OwnerShip Detailed/SPGlobal_GrupoBimbo,S.A.B.deC.V._OwnershipDetailed_06-Oct-2026.xlsx",Ownership Detailed
American Century Investment Management Inc,111074,727757,0.02,40.32501537,265169,57.323,2026-08-31,Multiple,Low,27.8568,Active,279433.37,Kansas City,MO,USA,Growth,Large Cap,Traditional Investment Managers,4,,No,2026-10-06,MXN 55.41 close 2026-10-06,"filings/capitaliq/OwnerShip/OwnerShip Detailed/SPGlobal_GrupoBimbo,S.A.B.deC.V._OwnershipDetailed_06-Oct-2026.xlsx",Ownership Detailed
La Caisse de dépôt et placement du Québec,110573,723708,0.02,40.10066028,0,,2025-12-31,Aggregated Mutual Funds,Low,37.822,Active,110965.71,Quebec,QC,Canada,Growth,Large Cap,Government Pension Sponsors,1,,No,2026-10-06,MXN 55.41 close 2026-10-06,"filings/capitaliq/OwnerShip/OwnerShip Detailed/SPGlobal_GrupoBimbo,S.A.B.deC.V._OwnershipDetailed_06-Oct-2026.xlsx",Ownership Detailed
Franklin Templeton Inc.,102719,711144,0.02,39.40448904,2002,0.282,2026-09-30,Aggregated Mutual Funds,Low,28.1726,Active,334430.51,San Mateo,CA,USA,Growth,Large Cap,Traditional Investment Managers,5,,No,2026-10-06,MXN 55.41 close 2026-10-06,"filings/capitaliq/OwnerShip/OwnerShip Detailed/SPGlobal_GrupoBimbo,S.A.B.deC.V._OwnershipDetailed_06-Oct-2026.xlsx",Ownership Detailed
Empowered Funds LLC,4556191,637446,0.01,35.32088286,28160,4.622,2026-06-30,Aggregated Mutual Funds,Moderate,59.1872,Passive,9657.68,Newtown Square,PA,USA,Growth,Large Cap,Traditional Investment Managers,1,,No,2026-10-06,MXN 55.41 close 2026-10-06,"filings/capitaliq/OwnerShip/OwnerShip Detailed/SPGlobal_GrupoBimbo,S.A.B.deC.V._OwnershipDetailed_06-Oct-2026.xlsx",Ownership Detailed
Mercer Global Investments Europe Limited,5759394,626263,0.01,34.70123283,0,,2025-12-31,Aggregated Mutual Funds,Very Low,14.1263,Active,44357.8,Dublin,,Ireland,Growth,Large Cap,Traditional Investment Managers,2,,No,2026-10-06,MXN 55.41 close 2026-10-06,"filings/capitaliq/OwnerShip/OwnerShip Detailed/SPGlobal_GrupoBimbo,S.A.B.deC.V._OwnershipDetailed_06-Oct-2026.xlsx",Ownership Detailed
Fideuram Asset Management (Ireland) DAC,4140503,455821,0.01,25.257041609999998,0,,2026-02-28,Aggregated Mutual Funds,Low,29.8106,Active,11598.16,Dublin,,Ireland,Growth,Large Cap,Traditional Investment Managers,4,,No,2026-10-06,MXN 55.41 close 2026-10-06,"filings/capitaliq/OwnerShip/OwnerShip Detailed/SPGlobal_GrupoBimbo,S.A.B.deC.V._OwnershipDetailed_06-Oct-2026.xlsx",Ownership Detailed
Swiss Rock Asset Management AG,4251516,448300,0.01,24.840303,0,,2025-12-31,Aggregated Mutual Funds,Low,29.1994,Active,1166.49,Zurich,,Switzerland,Growth,Large Cap,Traditional Investment Managers,1,,No,2026-10-06,MXN 55.41 close 2026-10-06,"filings/capitaliq/OwnerShip/OwnerShip Detailed/SPGlobal_GrupoBimbo,S.A.B.deC.V._OwnershipDetailed_06-Oct-2026.xlsx",Ownership Detailed
Legal & General Investment Management Ltd.,4139862,436791,0.01,24.20258931,0,,2026-01-15,Aggregated Mutual Funds,Very Low,5.101,Active,553472.04,London,,United Kingdom,Growth,Large Cap,Traditional Investment Managers,6,,No,2026-10-06,MXN 55.41 close 2026-10-06,"filings/capitaliq/OwnerShip/OwnerShip Detailed/SPGlobal_GrupoBimbo,S.A.B.deC.V._OwnershipDetailed_06-Oct-2026.xlsx",Ownership Detailed
Pichardo Asset Management S.A. DE C.V.,4117496,424118,0.01,23.50037838,0,,2026-07-31,Aggregated Mutual Funds,Moderate,75.6928,Active,65.48,Mexico City,DF,Mexico,Growth,Large Cap,Traditional Investment Managers,1,,No,2026-10-06,MXN 55.41 close 2026-10-06,"filings/capitaliq/OwnerShip/OwnerShip Detailed/SPGlobal_GrupoBimbo,S.A.B.deC.V._OwnershipDetailed_06-Oct-2026.xlsx",Ownership Detailed
BNP Paribas Asset Management Europe,4784107,415384,0.01,23.01642744,0,,2025-12-31,Aggregated Mutual Funds,Low,24.3066,Active,54414.09,Paris,,France,Growth,Large Cap,Traditional Investment Managers,1,,No,2026-10-06,MXN 55.41 close 2026-10-06,"filings/capitaliq/OwnerShip/OwnerShip Detailed/SPGlobal_GrupoBimbo,S.A.B.deC.V._OwnershipDetailed_06-Oct-2026.xlsx",Ownership Detailed
Invesco Capital Management LLC,4117611,367516,0.01,20.36406156,-16711,-4.349,2026-09-30,Aggregated Mutual Funds,Very Low,14.1543,Passive,940837.45,Downers Grove,IL,USA,Aggressive Growth,Large Cap,Traditional Investment Managers,2,,No,2026-10-06,MXN 55.41 close 2026-10-06,"filings/capitaliq/OwnerShip/OwnerShip Detailed/SPGlobal_GrupoBimbo,S.A.B.deC.V._OwnershipDetailed_06-Oct-2026.xlsx",Ownership Detailed
KLP Kapitalforvaltning AS,4138888,336328,0.01,18.63593448,35100,11.652,2026-05-31,Aggregated Mutual Funds,Very Low,9.8162,Passive,47717.87,Oslo,,Norway,Growth,Large Cap,Traditional Investment Managers,1,,No,2026-10-06,MXN 55.41 close 2026-10-06,"filings/capitaliq/OwnerShip/OwnerShip Detailed/SPGlobal_GrupoBimbo,S.A.B.deC.V._OwnershipDetailed_06-Oct-2026.xlsx",Ownership Detailed
BNY Asset Management,4057506,331559,0.01,18.37168419,-279,-0.084,2026-08-31,Multiple,Very Low,13.2453,Active,583430.64,Boston,MA,USA,Growth,Large Cap,Traditional Investment Managers,6,,No,2026-10-06,MXN 55.41 close 2026-10-06,"filings/capitaliq/OwnerShip/OwnerShip Detailed/SPGlobal_GrupoBimbo,S.A.B.deC.V._OwnershipDetailed_06-Oct-2026.xlsx",Ownership Detailed
BMO Asset Management Corp.,109988,331500,0.01,18.368415,184900,126.126,2026-08-31,Aggregated Mutual Funds,Very Low,19.6685,Active,253618.74,Chicago,IL,USA,Growth,Large Cap,Traditional Investment Managers,1,,No,2026-10-06,MXN 55.41 close 2026-10-06,"filings/capitaliq/OwnerShip/OwnerShip Detailed/SPGlobal_GrupoBimbo,S.A.B.deC.V._OwnershipDetailed_06-Oct-2026.xlsx",Ownership Detailed
Fidelity International Ltd.,4020980,315300,0.01,17.470773,0,,2026-02-28,Aggregated Mutual Funds,Low,33.876,Active,270195.3,Pembroke,,Bermuda,Growth,Large Cap,Traditional Investment Managers,1,,No,2026-10-06,MXN 55.41 close 2026-10-06,"filings/capitaliq/OwnerShip/OwnerShip Detailed/SPGlobal_GrupoBimbo,S.A.B.deC.V._OwnershipDetailed_06-Oct-2026.xlsx",Ownership Detailed
SEB Funds AB,4256960,288177,0.01,15.96788757,0,,2025-12-31,Aggregated Mutual Funds,Low,25.1974,Active,51441.24,Riga,,Latvia,Growth,Large Cap,Traditional Investment Managers,1,,No,2026-10-06,MXN 55.41 close 2026-10-06,"filings/capitaliq/OwnerShip/OwnerShip Detailed/SPGlobal_GrupoBimbo,S.A.B.deC.V._OwnershipDetailed_06-Oct-2026.xlsx",Ownership Detailed
Sumitomo Mitsui Trust Asset Management Co. Ltd.,4318240,279600,0.01,15.492636,0,,2025-11-10,Aggregated Mutual Funds,Very Low,5.8909,Active,18820.16,Tokyo,,Japan,Growth,Large Cap,Traditional Investment Managers,1,,No,2026-10-06,MXN 55.41 close 2026-10-06,"filings/capitaliq/OwnerShip/OwnerShip Detailed/SPGlobal_GrupoBimbo,S.A.B.deC.V._OwnershipDetailed_06-Oct-2026.xlsx",Ownership Detailed
Aberdeen Group PLC,4145085,252284,0.01,13.97905644,0,,2025-11-30,Aggregated Mutual Funds,Very Low,17.2009,Active,137538.39,Edinburgh,,United Kingdom,Growth,Large Cap,Traditional Investment Managers,3,,No,2026-10-06,MXN 55.41 close 2026-10-06,"filings/capitaliq/OwnerShip/OwnerShip Detailed/SPGlobal_GrupoBimbo,S.A.B.deC.V._OwnershipDetailed_06-Oct-2026.xlsx",Ownership Detailed
Degroof Petercam Asset Management,4377155,244502,0.01,13.54785582,0,,2025-12-31,Aggregated Mutual Funds,Low,25.6849,Active,25978.27,Brussels,,Belgium,Growth,Large Cap,Traditional Investment Managers,3,,No,2026-10-06,MXN 55.41 close 2026-10-06,"filings/capitaliq/OwnerShip/OwnerShip Detailed/SPGlobal_GrupoBimbo,S.A.B.deC.V._OwnershipDetailed_06-Oct-2026.xlsx",Ownership Detailed
WisdomTree Asset Management Inc.,4145691,242193,0.01,13.41991413,-1074,-0.441,2026-06-30,Aggregated Mutual Funds,Low,39.4505,Passive,20543.86,New York,NY,USA,Growth,Large Cap,Traditional Investment Managers,1,,No,2026-10-06,MXN 55.41 close 2026-10-06,"filings/capitaliq/OwnerShip/OwnerShip Detailed/SPGlobal_GrupoBimbo,S.A.B.deC.V._OwnershipDetailed_06-Oct-2026.xlsx",Ownership Detailed
Storebrand Asset Management AS,4336776,237508,0.01,13.16031828,0,,2025-12-31,Aggregated Mutual Funds,Very Low,15.0376,Active,45418.76,Lysaker,,Norway,Growth,Large Cap,Traditional Investment Managers,2,,No,2026-10-06,MXN 55.41 close 2026-10-06,"filings/capitaliq/OwnerShip/OwnerShip Detailed/SPGlobal_GrupoBimbo,S.A.B.deC.V._OwnershipDetailed_06-Oct-2026.xlsx",Ownership Detailed
Nomura Asset Management Co. Ltd.,4048507,224600,0.01,12.445086,51700,29.902,2026-05-11,Aggregated Mutual Funds,Very Low,7.0962,Active,61225.38,Tokyo,,Japan,Growth,Large Cap,Traditional Investment Managers,2,,No,2026-10-06,MXN 55.41 close 2026-10-06,"filings/capitaliq/OwnerShip/OwnerShip Detailed/SPGlobal_GrupoBimbo,S.A.B.deC.V._OwnershipDetailed_06-Oct-2026.xlsx",Ownership Detailed
Eurizon Capital SGR SpA,4324456,210910,0,11.6865231,0,,2025-12-31,Aggregated Mutual Funds,Low,41.518,Active,59582.74,Milan,,Italy,Growth,Large Cap,Traditional Investment Managers,2,,No,2026-10-06,MXN 55.41 close 2026-10-06,"filings/capitaliq/OwnerShip/OwnerShip Detailed/SPGlobal_GrupoBimbo,S.A.B.deC.V._OwnershipDetailed_06-Oct-2026.xlsx",Ownership Detailed
Danske Bank A/S,4080954,191494,0,10.610682539999999,0,,2025-12-31,Aggregated Mutual Funds,Low,31.0814,Active,26981.98,Copenhagen,,Denmark,Growth,Large Cap,Traditional Investment Managers,1,,No,2026-10-06,MXN 55.41 close 2026-10-06,"filings/capitaliq/OwnerShip/OwnerShip Detailed/SPGlobal_GrupoBimbo,S.A.B.deC.V._OwnershipDetailed_06-Oct-2026.xlsx",Ownership Detailed
Manulife Asset Management,5747632,191357,0,10.60309137,-26200,-12.043,2026-05-31,Aggregated Mutual Funds,Low,27.9897,Active,135497.28,Toronto,ON,Canada,Growth,Large Cap,Traditional Investment Managers,1,,No,2026-10-06,MXN 55.41 close 2026-10-06,"filings/capitaliq/OwnerShip/OwnerShip Detailed/SPGlobal_GrupoBimbo,S.A.B.deC.V._OwnershipDetailed_06-Oct-2026.xlsx",Ownership Detailed
Eaton Vance Management,109754,189553,0,10.50313173,0,,2026-07-31,Multiple,Very Low,8.8411,Active,580042.2,Boston,MA,USA,Growth,Large Cap,Traditional Investment Managers,2,,No,2026-10-06,MXN 55.41 close 2026-10-06,"filings/capitaliq/OwnerShip/OwnerShip Detailed/SPGlobal_GrupoBimbo,S.A.B.deC.V._OwnershipDetailed_06-Oct-2026.xlsx",Ownership Detailed
Norges Bank Investment Management,4138467,167294,0,9.26976054,167294,,2026-06-30,Aggregated Mutual Funds,Very Low,10.9567,Active,1542181.23,Oslo,,Norway,Growth,Large Cap,Sovereign Wealth Funds (<5% stake),1,,No,2026-10-06,MXN 55.41 close 2026-10-06,"filings/capitaliq/OwnerShip/OwnerShip Detailed/SPGlobal_GrupoBimbo,S.A.B.deC.V._OwnershipDetailed_06-Oct-2026.xlsx",Ownership Detailed
Pictet Asset Management Ltd.,111267,137200,0,7.602252,0,,2026-03-31,Aggregated Mutual Funds,Low,26.067,Active,137728.98,London,,United Kingdom,Growth,Large Cap,Traditional Investment Managers,2,,No,2026-10-06,MXN 55.41 close 2026-10-06,"filings/capitaliq/OwnerShip/OwnerShip Detailed/SPGlobal_GrupoBimbo,S.A.B.deC.V._OwnershipDetailed_06-Oct-2026.xlsx",Ownership Detailed
Amova Asset Management Co. Ltd.,4107954,126000,0,6.98166,0,,2025-05-16,Aggregated Mutual Funds,Very Low,7.4264,Active,183204.35,Tokyo,,Japan,Growth,Large Cap,Traditional Investment Managers,1,,No,2026-10-06,MXN 55.41 close 2026-10-06,"filings/capitaliq/OwnerShip/OwnerShip Detailed/SPGlobal_GrupoBimbo,S.A.B.deC.V._OwnershipDetailed_06-Oct-2026.xlsx",Ownership Detailed
Asset Management One Co. Ltd.,4120033,123400,0,6.837594,18200,17.3,2026-04-20,Aggregated Mutual Funds,Very Low,9.3515,Active,43236.69,Tokyo,,Japan,Growth,Large Cap,Traditional Investment Managers,1,,No,2026-10-06,MXN 55.41 close 2026-10-06,"filings/capitaliq/OwnerShip/OwnerShip Detailed/SPGlobal_GrupoBimbo,S.A.B.deC.V._OwnershipDetailed_06-Oct-2026.xlsx",Ownership Detailed
Voya Investment Management LLC,4048215,123329,0,6.83365989,635,0.518,2026-06-30,Multiple,Low,38.9255,Active,100814.54,Atlanta,GA,USA,Growth,Large Cap,Traditional Investment Managers,3,,No,2026-10-06,MXN 55.41 close 2026-10-06,"filings/capitaliq/OwnerShip/OwnerShip Detailed/SPGlobal_GrupoBimbo,S.A.B.deC.V._OwnershipDetailed_06-Oct-2026.xlsx",Ownership Detailed
Operadora de Fondos GBM S.A. de C.V,5762490,100000,0,5.541,0,,2025-12-31,Aggregated Mutual Funds,Very Low,6.8241,Active,20.43,Mexico City,EM,Mexico,GARP,Mid Cap,Traditional Investment Managers,1,,No,2026-10-06,MXN 55.41 close 2026-10-06,"filings/capitaliq/OwnerShip/OwnerShip Detailed/SPGlobal_GrupoBimbo,S.A.B.deC.V._OwnershipDetailed_06-Oct-2026.xlsx",Ownership Detailed
Sierra Capital LLC,4118941,89686,0,4.96950126,89686,,2026-06-30,13F,Very Low,16.565500259399414,Active,184.29,Miami,FL,USA,Aggressive Growth,Large Cap,Family Offices/Trusts,,,No,2026-10-06,MXN 55.41 close 2026-10-06,"filings/capitaliq/OwnerShip/OwnerShip Detailed/SPGlobal_GrupoBimbo,S.A.B.deC.V._OwnershipDetailed_06-Oct-2026.xlsx",Ownership Detailed
JP Morgan Asset Management,110092,83485,0,4.62590385,7325,9.618,2026-09-01,Aggregated Mutual Funds,Low,25.1614,Active,1126100.5,New York,NY,USA,Growth,Large Cap,Traditional Investment Managers,1,,No,2026-10-06,MXN 55.41 close 2026-10-06,"filings/capitaliq/OwnerShip/OwnerShip Detailed/SPGlobal_GrupoBimbo,S.A.B.deC.V._OwnershipDetailed_06-Oct-2026.xlsx",Ownership Detailed
Desjardins Global Asset Management Inc.,4226520,80498,0,4.46039418,7905,10.889,2026-06-30,Aggregated Mutual Funds,Low,37.053,Active,16316.7,Montreal,QC,Canada,Growth,Large Cap,Traditional Investment Managers,2,,No,2026-10-06,MXN 55.41 close 2026-10-06,"filings/capitaliq/OwnerShip/OwnerShip Detailed/SPGlobal_GrupoBimbo,S.A.B.deC.V._OwnershipDetailed_06-Oct-2026.xlsx",Ownership Detailed
Russell Investment Management LLC,111359,71000,0,3.93411,0,,2025-09-30,Aggregated Mutual Funds,Very Low,19.6348,Active,126355.06,Seattle,WA,USA,Growth,Large Cap,Traditional Investment Managers,1,,No,2026-10-06,MXN 55.41 close 2026-10-06,"filings/capitaliq/OwnerShip/OwnerShip Detailed/SPGlobal_GrupoBimbo,S.A.B.deC.V._OwnershipDetailed_06-Oct-2026.xlsx",Ownership Detailed
Sumitomo Mitsui DS Asset Management Co. Ltd.,4140078,70900,0,3.928569,0,,2025-12-01,Aggregated Mutual Funds,Very Low,17.5954,Active,22201.59,Tokyo,,Japan,Growth,Large Cap,Traditional Investment Managers,1,,No,2026-10-06,MXN 55.41 close 2026-10-06,"filings/capitaliq/OwnerShip/OwnerShip Detailed/SPGlobal_GrupoBimbo,S.A.B.deC.V._OwnershipDetailed_06-Oct-2026.xlsx",Ownership Detailed
Sparinvest SA (Luxembourg),4232927,69616,0,3.85742256,57952,496.845,2026-06-30,Aggregated Mutual Funds,Very Low,14.2022,Active,30703.59,Luxembourg City,,Luxembourg,Growth,Large Cap,Traditional Investment Managers,4,,No,2026-10-06,MXN 55.41 close 2026-10-06,"filings/capitaliq/OwnerShip/OwnerShip Detailed/SPGlobal_GrupoBimbo,S.A.B.deC.V._OwnershipDetailed_06-Oct-2026.xlsx",Ownership Detailed
CIBC Asset Management Inc.,4048742,48603,0,2.69309223,17208,54.811,2026-06-30,Multiple,Low,26.2021,Active,70020.63,Toronto,ON,Canada,Growth,Large Cap,Traditional Investment Managers,3,,No,2026-10-06,MXN 55.41 close 2026-10-06,"filings/capitaliq/OwnerShip/OwnerShip Detailed/SPGlobal_GrupoBimbo,S.A.B.deC.V._OwnershipDetailed_06-Oct-2026.xlsx",Ownership Detailed
Columbia Management Investment Advisers LLC,109789,44819,0,2.48342079,0,,2025-09-30,Aggregated Mutual Funds,Low,22.2061,Active,439709.43,Boston,MA,USA,Growth,Large Cap,Traditional Investment Managers,1,,No,2026-10-06,MXN 55.41 close 2026-10-06,"filings/capitaliq/OwnerShip/OwnerShip Detailed/SPGlobal_GrupoBimbo,S.A.B.deC.V._OwnershipDetailed_06-Oct-2026.xlsx",Ownership Detailed
Lazard Asset Management LLC,110386,44684,0,2.47594044,0,,2026-05-31,Aggregated Mutual Funds,Low,32.3077,Active,102063.65,New York,NY,USA,Growth,Large Cap,Traditional Investment Managers,1,,No,2026-10-06,MXN 55.41 close 2026-10-06,"filings/capitaliq/OwnerShip/OwnerShip Detailed/SPGlobal_GrupoBimbo,S.A.B.deC.V._OwnershipDetailed_06-Oct-2026.xlsx",Ownership Detailed
Sustainable Growth Advisers LP,4119489,43928,0,2.43405048,0,,2026-07-31,Aggregated Mutual Funds,Low,23.2628,Active,12153.29,Stamford,CT,USA,Aggressive Growth,Large Cap,Traditional Investment Managers,1,,No,2026-10-06,MXN 55.41 close 2026-10-06,"filings/capitaliq/OwnerShip/OwnerShip Detailed/SPGlobal_GrupoBimbo,S.A.B.deC.V._OwnershipDetailed_06-Oct-2026.xlsx",Ownership Detailed
Resona Asset Management Co. Ltd.,4629378,42500,0,2.354925,0,,2026-01-26,Aggregated Mutual Funds,Very Low,4.3967,Active,22909.92,Tokyo,,Japan,Growth,Large Cap,Traditional Investment Managers,1,,No,2026-10-06,MXN 55.41 close 2026-10-06,"filings/capitaliq/OwnerShip/OwnerShip Detailed/SPGlobal_GrupoBimbo,S.A.B.deC.V._OwnershipDetailed_06-Oct-2026.xlsx",Ownership Detailed
GWL Investment Management Ltd.,4048184,39888,0,2.21019408,0,,2025-12-31,Aggregated Mutual Funds,Very Low,10.8052,Active,80081.4,Winnipeg,MB,Canada,Growth,Large Cap,Traditional Investment Managers,2,,No,2026-10-06,MXN 55.41 close 2026-10-06,"filings/capitaliq/OwnerShip/OwnerShip Detailed/SPGlobal_GrupoBimbo,S.A.B.deC.V._OwnershipDetailed_06-Oct-2026.xlsx",Ownership Detailed
Sanlam Investment Management (Pty.) Ltd.,4672091,33050,0,1.8313005,0,,2025-12-31,Aggregated Mutual Funds,Very Low,12.6696,Active,9376.81,Cape Town,,South Africa,Growth,Multi Cap,Traditional Investment Managers,1,,No,2026-10-06,MXN 55.41 close 2026-10-06,"filings/capitaliq/OwnerShip/OwnerShip Detailed/SPGlobal_GrupoBimbo,S.A.B.deC.V._OwnershipDetailed_06-Oct-2026.xlsx",Ownership Detailed
DBX Advisors LLC,4318598,32452,0,1.79816532,4213,14.919,2026-08-31,Aggregated Mutual Funds,Very Low,14.9419,Passive,21643.4,New York,NY,USA,Growth,Large Cap,Traditional Investment Managers,3,,No,2026-10-06,MXN 55.41 close 2026-10-06,"filings/capitaliq/OwnerShip/OwnerShip Detailed/SPGlobal_GrupoBimbo,S.A.B.deC.V._OwnershipDetailed_06-Oct-2026.xlsx",Ownership Detailed
Renta 4 Gestora S.G.I.I.C. SA,4139861,31463,0,1.74336483,0,,2025-12-31,Aggregated Mutual Funds,Low,24.2905,Active,1604.12,Madrid,,Spain,Growth,Large Cap,Traditional Investment Managers,1,,No,2026-10-06,MXN 55.41 close 2026-10-06,"filings/capitaliq/OwnerShip/OwnerShip Detailed/SPGlobal_GrupoBimbo,S.A.B.deC.V._OwnershipDetailed_06-Oct-2026.xlsx",Ownership Detailed
Security Kapitalanlage AG,4140057,29230,0,1.6196343,0,,2026-03-31,Aggregated Mutual Funds,Very Low,7.9788,Active,2032.81,Graz,,Austria,Growth,Large Cap,Traditional Investment Managers,2,,No,2026-10-06,MXN 55.41 close 2026-10-06,"filings/capitaliq/OwnerShip/OwnerShip Detailed/SPGlobal_GrupoBimbo,S.A.B.deC.V._OwnershipDetailed_06-Oct-2026.xlsx",Ownership Detailed
Lincoln Financial Investments Corp.,4119651,28900,0,1.601349,0,,2026-06-30,Aggregated Mutual Funds,Very Low,19.1588,Active,34769.39,Radnor,PA,USA,Growth,Large Cap,Traditional Investment Managers,1,,No,2026-10-06,MXN 55.41 close 2026-10-06,"filings/capitaliq/OwnerShip/OwnerShip Detailed/SPGlobal_GrupoBimbo,S.A.B.deC.V._OwnershipDetailed_06-Oct-2026.xlsx",Ownership Detailed
Krane Funds Advisors LLC,4383779,28300,0,1.568103,0,,2026-09-01,Aggregated Mutual Funds,Low,21.5749,Active,7504.39,New York,NY,USA,GARP,Large Cap,Traditional Investment Managers,1,,No,2026-10-06,MXN 55.41 close 2026-10-06,"filings/capitaliq/OwnerShip/OwnerShip Detailed/SPGlobal_GrupoBimbo,S.A.B.deC.V._OwnershipDetailed_06-Oct-2026.xlsx",Ownership Detailed
AustralianSuper Advice Pty. Ltd.,4757367,25000,0,1.38525,0,,2025-12-31,Aggregated Mutual Funds,Low,26.2778,Active,127929.38,Melbourne,,Australia,Growth,Large Cap,Government Pension Sponsors,2,,No,2026-10-06,MXN 55.41 close 2026-10-06,"filings/capitaliq/OwnerShip/OwnerShip Detailed/SPGlobal_GrupoBimbo,S.A.B.deC.V._OwnershipDetailed_06-Oct-2026.xlsx",Ownership Detailed
Mackenzie Financial Corp.,106960,23792,0,1.31831472,0,,2026-03-31,Aggregated Mutual Funds,Low,27.654,Active,106623.06,Toronto,ON,Canada,Growth,Large Cap,Traditional Investment Managers,1,,No,2026-10-06,MXN 55.41 close 2026-10-06,"filings/capitaliq/OwnerShip/OwnerShip Detailed/SPGlobal_GrupoBimbo,S.A.B.deC.V._OwnershipDetailed_06-Oct-2026.xlsx",Ownership Detailed
Symmetry Partners LLC,4119608,22600,0,1.252266,0,,2026-05-31,Multiple,Low,22.6733,Active,447.58,Glastonbury,CT,USA,Growth,Large Cap,Traditional Investment Managers,2,,No,2026-10-06,MXN 55.41 close 2026-10-06,"filings/capitaliq/OwnerShip/OwnerShip Detailed/SPGlobal_GrupoBimbo,S.A.B.deC.V._OwnershipDetailed_06-Oct-2026.xlsx",Ownership Detailed
Impulsora de Fondos Banamex S.A. de C.V. Sociedad Operadora de Sociedades de Inv,5762363,19626,0,1.08747666,-36704,-65.159,2026-06-29,Aggregated Mutual Funds,Very Low,1.4966,Active,14.99,Mexico City,DF,Mexico,GARP,Mid Cap,Traditional Investment Managers,1,,No,2026-10-06,MXN 55.41 close 2026-10-06,"filings/capitaliq/OwnerShip/OwnerShip Detailed/SPGlobal_GrupoBimbo,S.A.B.deC.V._OwnershipDetailed_06-Oct-2026.xlsx",Ownership Detailed
Nissay Asset Management Corp.,4116134,16400,0,0.908724,0,,2025-11-20,Aggregated Mutual Funds,Very Low,7.6303,Active,23324.61,Tokyo,,Japan,Growth,Large Cap,Traditional Investment Managers,1,,No,2026-10-06,MXN 55.41 close 2026-10-06,"filings/capitaliq/OwnerShip/OwnerShip Detailed/SPGlobal_GrupoBimbo,S.A.B.deC.V._OwnershipDetailed_06-Oct-2026.xlsx",Ownership Detailed
1832 Asset Management LP,4248288,15500,0,0.858855,0,,2025-12-31,Aggregated Mutual Funds,Low,36.73040008544922,Active,98832.96,Toronto,ON,Canada,Growth,Large Cap,Traditional Investment Managers,1,,No,2026-10-06,MXN 55.41 close 2026-10-06,"filings/capitaliq/OwnerShip/OwnerShip Detailed/SPGlobal_GrupoBimbo,S.A.B.deC.V._OwnershipDetailed_06-Oct-2026.xlsx",Ownership Detailed
Pacific Investment Management Co. LLC,109687,15221,0,0.84339561,0,,2026-06-30,Aggregated Mutual Funds,Low,37.3751,Active,36150.23,Newport Beach,CA,USA,GARP,Large Cap,Traditional Investment Managers,1,,No,2026-10-06,MXN 55.41 close 2026-10-06,"filings/capitaliq/OwnerShip/OwnerShip Detailed/SPGlobal_GrupoBimbo,S.A.B.deC.V._OwnershipDetailed_06-Oct-2026.xlsx",Ownership Detailed
AllianceBernstein LP,109806,12149,0,0.67317609,0,,2026-06-30,Aggregated Mutual Funds,Low,25.2991,Active,324074.05,Nashville,TN,USA,Aggressive Growth,Large Cap,Traditional Investment Managers,1,,No,2026-10-06,MXN 55.41 close 2026-10-06,"filings/capitaliq/OwnerShip/OwnerShip Detailed/SPGlobal_GrupoBimbo,S.A.B.deC.V._OwnershipDetailed_06-Oct-2026.xlsx",Ownership Detailed
SunAmerica Asset Management LLC,111097,12019,0,0.66597279,0,,2026-07-31,Aggregated Mutual Funds,Very Low,15.2223,Active,10764.23,Jersey City,NJ,USA,Growth,Large Cap,Traditional Investment Managers,1,,No,2026-10-06,MXN 55.41 close 2026-10-06,"filings/capitaliq/OwnerShip/OwnerShip Detailed/SPGlobal_GrupoBimbo,S.A.B.deC.V._OwnershipDetailed_06-Oct-2026.xlsx",Ownership Detailed
Mirae Asset Global Investments Co. Ltd.,4256114,11304,0,0.62635464,-2285,-16.815,2026-06-30,Aggregated Mutual Funds,Low,21.3521,Active,169242.11,Seoul,,South Korea,Growth,Large Cap,Traditional Investment Managers,1,,No,2026-10-06,MXN 55.41 close 2026-10-06,"filings/capitaliq/OwnerShip/OwnerShip Detailed/SPGlobal_GrupoBimbo,S.A.B.deC.V._OwnershipDetailed_06-Oct-2026.xlsx",Ownership Detailed
AQR Capital Management LLC,4119538,9067,0,0.50240247,0,,2026-03-31,Aggregated Mutual Funds,Low,45.4149,Active,277565.53,Greenwich,CT,USA,Growth,Large Cap,Hedge Fund Managers (<5% stake),1,,No,2026-10-06,MXN 55.41 close 2026-10-06,"filings/capitaliq/OwnerShip/OwnerShip Detailed/SPGlobal_GrupoBimbo,S.A.B.deC.V._OwnershipDetailed_06-Oct-2026.xlsx",Ownership Detailed
First Trust Advisors LP,4033550,8137,0,0.45087117,25,0.308,2026-08-31,Aggregated Mutual Funds,Low,37.548,Passive,178764.19,Wheaton,IL,USA,Growth,Large Cap,Traditional Investment Managers,2,,No,2026-10-06,MXN 55.41 close 2026-10-06,"filings/capitaliq/OwnerShip/OwnerShip Detailed/SPGlobal_GrupoBimbo,S.A.B.deC.V._OwnershipDetailed_06-Oct-2026.xlsx",Ownership Detailed
CI Global Asset Management,4114882,7723,0,0.42793143,547,7.623,2026-10-01,Aggregated Mutual Funds,Low,29.4678,Active,44235.54,Toronto,ON,Canada,Growth,Large Cap,Traditional Investment Managers,1,,No,2026-10-06,MXN 55.41 close 2026-10-06,"filings/capitaliq/OwnerShip/OwnerShip Detailed/SPGlobal_GrupoBimbo,S.A.B.deC.V._OwnershipDetailed_06-Oct-2026.xlsx",Ownership Detailed
Colonial First State Investments Ltd.,4156891,4591,0,0.25438731,0,,2025-12-31,Aggregated Mutual Funds,,,Active,7369.34,Sydney,,Australia,GARP,Large Cap,Traditional Investment Managers,2,,No,2026-10-06,MXN 55.41 close 2026-10-06,"filings/capitaliq/OwnerShip/OwnerShip Detailed/SPGlobal_GrupoBimbo,S.A.B.deC.V._OwnershipDetailed_06-Oct-2026.xlsx",Ownership Detailed
Nykredit Portefølje Administration A/S,4556895,1481,0,0.08206221,298,25.19,2026-06-30,Aggregated Mutual Funds,Low,29.313,Active,1225.15,Copenhagen,,Denmark,GARP,Large Cap,Traditional Investment Managers,1,,No,2026-10-06,MXN 55.41 close 2026-10-06,"filings/capitaliq/OwnerShip/OwnerShip Detailed/SPGlobal_GrupoBimbo,S.A.B.deC.V._OwnershipDetailed_06-Oct-2026.xlsx",Ownership Detailed
Domini Impact Investments LLC,4116164,1174,0,0.06505134,0,,2026-07-31,Aggregated Mutual Funds,Moderate,50.5555,Passive,1987.61,New York,NY,USA,Growth,Large Cap,Traditional Investment Managers,1,,No,2026-10-06,MXN 55.41 close 2026-10-06,"filings/capitaliq/OwnerShip/OwnerShip Detailed/SPGlobal_GrupoBimbo,S.A.B.deC.V._OwnershipDetailed_06-Oct-2026.xlsx",Ownership Detailed
MLC Asset Management Services Ltd.,6452027,1118,0,0.06194838,0,,2025-12-31,Aggregated Mutual Funds,,,Active,670.18,North Sydney,,Australia,Growth,Large Cap,Traditional Investment Managers,2,,No,2026-10-06,MXN 55.41 close 2026-10-06,"filings/capitaliq/OwnerShip/OwnerShip Detailed/SPGlobal_GrupoBimbo,S.A.B.deC.V._OwnershipDetailed_06-Oct-2026.xlsx",Ownership Detailed
Mediolanum International Funds Ltd.,4225041,608,0,0.03368928,0,,2025-06-30,Aggregated Mutual Funds,Low,48.2716,Active,14557.66,,,Ireland,Growth,Large Cap,Traditional Investment Managers,1,,No,2026-10-06,MXN 55.41 close 2026-10-06,"filings/capitaliq/OwnerShip/OwnerShip Detailed/SPGlobal_GrupoBimbo,S.A.B.deC.V._OwnershipDetailed_06-Oct-2026.xlsx",Ownership Detailed
MLC Investment Management Ltd,5758523,82,0,0.00454362,0,,2025-12-31,Aggregated Mutual Funds,,,,64.38,North Sydney,,Australia,Growth,Large Cap,Traditional Investment Managers,1,,No,2026-10-06,MXN 55.41 close 2026-10-06,"filings/capitaliq/OwnerShip/OwnerShip Detailed/SPGlobal_GrupoBimbo,S.A.B.deC.V._OwnershipDetailed_06-Oct-2026.xlsx",Ownership Detailed
Administradora General de Fondos Security SA,4279126,0,0,0,-36359,-100,2026-06-30,,Moderate,58.4605,Active,29.03,Santiago,,Chile,Blend,Large Cap,Traditional Investment Managers,1,,No,2026-10-06,MXN 55.41 close 2026-10-06,"filings/capitaliq/OwnerShip/OwnerShip Detailed/SPGlobal_GrupoBimbo,S.A.B.deC.V._OwnershipDetailed_06-Oct-2026.xlsx",Ownership Detailed
BNY Mellon ETF Investment Adviser LLC,19342220,0,0,0,-9798,-100,2026-06-30,,Very Low,11.2732,Active,9728.81,Boston,MA,USA,Growth,Large Cap,Traditional Investment Managers,1,,No,2026-10-06,MXN 55.41 close 2026-10-06,"filings/capitaliq/OwnerShip/OwnerShip Detailed/SPGlobal_GrupoBimbo,S.A.B.deC.V._OwnershipDetailed_06-Oct-2026.xlsx",Ownership Detailed
"Administradora General de Fondos Sura, S.A.",4283269,0,0,0,-37973,-100,2026-10-05,,Moderate,56.9614,Active,17.16,Santiago de Chile,,Chile,Growth,Large Cap,Traditional Investment Managers,1,,No,2026-10-06,MXN 55.41 close 2026-10-06,"filings/capitaliq/OwnerShip/OwnerShip Detailed/SPGlobal_GrupoBimbo,S.A.B.deC.V._OwnershipDetailed_06-Oct-2026.xlsx",Ownership Detailed
