period,period_end,category,metric,value,unit,currency,source_file,sheet,row
current,2026-10-06,Oil & Other Petroleum Products,Average Age of Fleet (years),20,years,,"filings/capitaliq/Assets and Operations/Plant Portafolio Summary/SPGlobal_GrupoBimbo,S.A.B.deC.V._PlantPortfolioSummary(CurrentCapacitySummary)_06-Oct-2026.xlsx",Current Capacity Summary,12
current,2026-10-06,Oil & Other Petroleum Products,Owned Operating Capacity (MW) - Operating Nameplate,4.15,MW,,"filings/capitaliq/Assets and Operations/Plant Portafolio Summary/SPGlobal_GrupoBimbo,S.A.B.deC.V._PlantPortfolioSummary(CurrentCapacitySummary)_06-Oct-2026.xlsx",Current Capacity Summary,12
current,2026-10-06,Oil & Other Petroleum Products,Owned Operating Capacity (MW) - Summer Net Capacity,4.15,MW,,"filings/capitaliq/Assets and Operations/Plant Portafolio Summary/SPGlobal_GrupoBimbo,S.A.B.deC.V._PlantPortfolioSummary(CurrentCapacitySummary)_06-Oct-2026.xlsx",Current Capacity Summary,12
current,2026-10-06,Oil & Other Petroleum Products,Owned Operating Capacity (MW) - Winter Net Capacity,4.15,MW,,"filings/capitaliq/Assets and Operations/Plant Portafolio Summary/SPGlobal_GrupoBimbo,S.A.B.deC.V._PlantPortfolioSummary(CurrentCapacitySummary)_06-Oct-2026.xlsx",Current Capacity Summary,12
current,2026-10-06,Oil & Other Petroleum Products,Owned Planned Capacity (MW) - Under Construction Capacity,,MW,,"filings/capitaliq/Assets and Operations/Plant Portafolio Summary/SPGlobal_GrupoBimbo,S.A.B.deC.V._PlantPortfolioSummary(CurrentCapacitySummary)_06-Oct-2026.xlsx",Current Capacity Summary,12
current,2026-10-06,Oil & Other Petroleum Products,Owned Planned Capacity (MW) - Planned,,MW,,"filings/capitaliq/Assets and Operations/Plant Portafolio Summary/SPGlobal_GrupoBimbo,S.A.B.deC.V._PlantPortfolioSummary(CurrentCapacitySummary)_06-Oct-2026.xlsx",Current Capacity Summary,12
current,2026-10-06,Oil & Other Petroleum Products,Total Capacity (MW),4.15,MW,,"filings/capitaliq/Assets and Operations/Plant Portafolio Summary/SPGlobal_GrupoBimbo,S.A.B.deC.V._PlantPortfolioSummary(CurrentCapacitySummary)_06-Oct-2026.xlsx",Current Capacity Summary,12
current,2026-10-06,Total Renewable,Average Age of Fleet (years),10,years,,"filings/capitaliq/Assets and Operations/Plant Portafolio Summary/SPGlobal_GrupoBimbo,S.A.B.deC.V._PlantPortfolioSummary(CurrentCapacitySummary)_06-Oct-2026.xlsx",Current Capacity Summary,13
current,2026-10-06,Total Renewable,Owned Operating Capacity (MW) - Operating Nameplate,10,MW,,"filings/capitaliq/Assets and Operations/Plant Portafolio Summary/SPGlobal_GrupoBimbo,S.A.B.deC.V._PlantPortfolioSummary(CurrentCapacitySummary)_06-Oct-2026.xlsx",Current Capacity Summary,13
current,2026-10-06,Total Renewable,Owned Operating Capacity (MW) - Summer Net Capacity,10,MW,,"filings/capitaliq/Assets and Operations/Plant Portafolio Summary/SPGlobal_GrupoBimbo,S.A.B.deC.V._PlantPortfolioSummary(CurrentCapacitySummary)_06-Oct-2026.xlsx",Current Capacity Summary,13
current,2026-10-06,Total Renewable,Owned Operating Capacity (MW) - Winter Net Capacity,10,MW,,"filings/capitaliq/Assets and Operations/Plant Portafolio Summary/SPGlobal_GrupoBimbo,S.A.B.deC.V._PlantPortfolioSummary(CurrentCapacitySummary)_06-Oct-2026.xlsx",Current Capacity Summary,13
current,2026-10-06,Total Renewable,Owned Planned Capacity (MW) - Under Construction Capacity,,MW,,"filings/capitaliq/Assets and Operations/Plant Portafolio Summary/SPGlobal_GrupoBimbo,S.A.B.deC.V._PlantPortfolioSummary(CurrentCapacitySummary)_06-Oct-2026.xlsx",Current Capacity Summary,13
current,2026-10-06,Total Renewable,Owned Planned Capacity (MW) - Planned,,MW,,"filings/capitaliq/Assets and Operations/Plant Portafolio Summary/SPGlobal_GrupoBimbo,S.A.B.deC.V._PlantPortfolioSummary(CurrentCapacitySummary)_06-Oct-2026.xlsx",Current Capacity Summary,13
current,2026-10-06,Total Renewable,Total Capacity (MW),10,MW,,"filings/capitaliq/Assets and Operations/Plant Portafolio Summary/SPGlobal_GrupoBimbo,S.A.B.deC.V._PlantPortfolioSummary(CurrentCapacitySummary)_06-Oct-2026.xlsx",Current Capacity Summary,13
current,2026-10-06,Biomass,Average Age of Fleet (years),10,years,,"filings/capitaliq/Assets and Operations/Plant Portafolio Summary/SPGlobal_GrupoBimbo,S.A.B.deC.V._PlantPortfolioSummary(CurrentCapacitySummary)_06-Oct-2026.xlsx",Current Capacity Summary,14
current,2026-10-06,Biomass,Owned Operating Capacity (MW) - Operating Nameplate,10,MW,,"filings/capitaliq/Assets and Operations/Plant Portafolio Summary/SPGlobal_GrupoBimbo,S.A.B.deC.V._PlantPortfolioSummary(CurrentCapacitySummary)_06-Oct-2026.xlsx",Current Capacity Summary,14
current,2026-10-06,Biomass,Owned Operating Capacity (MW) - Summer Net Capacity,10,MW,,"filings/capitaliq/Assets and Operations/Plant Portafolio Summary/SPGlobal_GrupoBimbo,S.A.B.deC.V._PlantPortfolioSummary(CurrentCapacitySummary)_06-Oct-2026.xlsx",Current Capacity Summary,14
current,2026-10-06,Biomass,Owned Operating Capacity (MW) - Winter Net Capacity,10,MW,,"filings/capitaliq/Assets and Operations/Plant Portafolio Summary/SPGlobal_GrupoBimbo,S.A.B.deC.V._PlantPortfolioSummary(CurrentCapacitySummary)_06-Oct-2026.xlsx",Current Capacity Summary,14
current,2026-10-06,Biomass,Owned Planned Capacity (MW) - Under Construction Capacity,,MW,,"filings/capitaliq/Assets and Operations/Plant Portafolio Summary/SPGlobal_GrupoBimbo,S.A.B.deC.V._PlantPortfolioSummary(CurrentCapacitySummary)_06-Oct-2026.xlsx",Current Capacity Summary,14
current,2026-10-06,Biomass,Owned Planned Capacity (MW) - Planned,,MW,,"filings/capitaliq/Assets and Operations/Plant Portafolio Summary/SPGlobal_GrupoBimbo,S.A.B.deC.V._PlantPortfolioSummary(CurrentCapacitySummary)_06-Oct-2026.xlsx",Current Capacity Summary,14
current,2026-10-06,Biomass,Total Capacity (MW),10,MW,,"filings/capitaliq/Assets and Operations/Plant Portafolio Summary/SPGlobal_GrupoBimbo,S.A.B.deC.V._PlantPortfolioSummary(CurrentCapacitySummary)_06-Oct-2026.xlsx",Current Capacity Summary,14
current,2026-10-06,Total,Average Age of Fleet (years),13,years,,"filings/capitaliq/Assets and Operations/Plant Portafolio Summary/SPGlobal_GrupoBimbo,S.A.B.deC.V._PlantPortfolioSummary(CurrentCapacitySummary)_06-Oct-2026.xlsx",Current Capacity Summary,15
current,2026-10-06,Total,Owned Operating Capacity (MW) - Operating Nameplate,14.15,MW,,"filings/capitaliq/Assets and Operations/Plant Portafolio Summary/SPGlobal_GrupoBimbo,S.A.B.deC.V._PlantPortfolioSummary(CurrentCapacitySummary)_06-Oct-2026.xlsx",Current Capacity Summary,15
current,2026-10-06,Total,Owned Operating Capacity (MW) - Summer Net Capacity,14.15,MW,,"filings/capitaliq/Assets and Operations/Plant Portafolio Summary/SPGlobal_GrupoBimbo,S.A.B.deC.V._PlantPortfolioSummary(CurrentCapacitySummary)_06-Oct-2026.xlsx",Current Capacity Summary,15
current,2026-10-06,Total,Owned Operating Capacity (MW) - Winter Net Capacity,14.15,MW,,"filings/capitaliq/Assets and Operations/Plant Portafolio Summary/SPGlobal_GrupoBimbo,S.A.B.deC.V._PlantPortfolioSummary(CurrentCapacitySummary)_06-Oct-2026.xlsx",Current Capacity Summary,15
current,2026-10-06,Total,Owned Planned Capacity (MW) - Under Construction Capacity,,MW,,"filings/capitaliq/Assets and Operations/Plant Portafolio Summary/SPGlobal_GrupoBimbo,S.A.B.deC.V._PlantPortfolioSummary(CurrentCapacitySummary)_06-Oct-2026.xlsx",Current Capacity Summary,15
current,2026-10-06,Total,Owned Planned Capacity (MW) - Planned,,MW,,"filings/capitaliq/Assets and Operations/Plant Portafolio Summary/SPGlobal_GrupoBimbo,S.A.B.deC.V._PlantPortfolioSummary(CurrentCapacitySummary)_06-Oct-2026.xlsx",Current Capacity Summary,15
current,2026-10-06,Total,Total Capacity (MW),14.15,MW,,"filings/capitaliq/Assets and Operations/Plant Portafolio Summary/SPGlobal_GrupoBimbo,S.A.B.deC.V._PlantPortfolioSummary(CurrentCapacitySummary)_06-Oct-2026.xlsx",Current Capacity Summary,15
report year (blank),,(all),US Plant Operations,No data matches your settings,,,"filings/capitaliq/Assets and Operations/Plant Portafolio Summary/SPGlobal_GrupoBimbo,S.A.B.deC.V._PlantPortfolioSummary(CurrentCapacitySummary)_06-Oct-2026.xlsx",US Plant Operations,7
report year (blank),,(all),US Plant Financials ($000),No data matches your settings,,,"filings/capitaliq/Assets and Operations/Plant Portafolio Summary/SPGlobal_GrupoBimbo,S.A.B.deC.V._PlantPortfolioSummary(CurrentCapacitySummary)_06-Oct-2026.xlsx",US Plant Financials ($000),7
report year (blank),,(all),US Plant Financials ($ MWh),No data matches your settings,,,"filings/capitaliq/Assets and Operations/Plant Portafolio Summary/SPGlobal_GrupoBimbo,S.A.B.deC.V._PlantPortfolioSummary(CurrentCapacitySummary)_06-Oct-2026.xlsx",US Plant Financials ($ MWh),7
