table,position_date_view,company,field,value,source_file,sheet
detailed_equity,Dec-31-2025,Zitopek a.d.,Exchange,BELEX:ZTPK,"filings/capitaliq/Investment/Public Holdings/Equity/Public Holdings Detailed/Dec-31-2025/SPGlobal_GrupoBimbo,S.A.B.deC.V._PublicHoldingsDetailed(Equity)_06-Oct-2026 (3).xlsx",Equity
detailed_equity,Dec-31-2025,Zitopek a.d.,Security Type,Common Equity,"filings/capitaliq/Investment/Public Holdings/Equity/Public Holdings Detailed/Dec-31-2025/SPGlobal_GrupoBimbo,S.A.B.deC.V._PublicHoldingsDetailed(Equity)_06-Oct-2026 (3).xlsx",Equity
detailed_equity,Dec-31-2025,Zitopek a.d.,Shares Equivalent Held (actual),241287,"filings/capitaliq/Investment/Public Holdings/Equity/Public Holdings Detailed/Dec-31-2025/SPGlobal_GrupoBimbo,S.A.B.deC.V._PublicHoldingsDetailed(Equity)_06-Oct-2026 (3).xlsx",Equity
detailed_equity,Dec-31-2025,Zitopek a.d.,Percent of Common Shares Outstanding (%),97.33,"filings/capitaliq/Investment/Public Holdings/Equity/Public Holdings Detailed/Dec-31-2025/SPGlobal_GrupoBimbo,S.A.B.deC.V._PublicHoldingsDetailed(Equity)_06-Oct-2026 (3).xlsx",Equity
detailed_equity,Dec-31-2025,Zitopek a.d.,% of Equity,NA,"filings/capitaliq/Investment/Public Holdings/Equity/Public Holdings Detailed/Dec-31-2025/SPGlobal_GrupoBimbo,S.A.B.deC.V._PublicHoldingsDetailed(Equity)_06-Oct-2026 (3).xlsx",Equity
detailed_equity,Dec-31-2025,Zitopek a.d.,Market Value (Mex$M),644.773172636673,"filings/capitaliq/Investment/Public Holdings/Equity/Public Holdings Detailed/Dec-31-2025/SPGlobal_GrupoBimbo,S.A.B.deC.V._PublicHoldingsDetailed(Equity)_06-Oct-2026 (3).xlsx",Equity
detailed_equity,Dec-31-2025,Zitopek a.d.,Change in Shares (actual),32993,"filings/capitaliq/Investment/Public Holdings/Equity/Public Holdings Detailed/Dec-31-2025/SPGlobal_GrupoBimbo,S.A.B.deC.V._PublicHoldingsDetailed(Equity)_06-Oct-2026 (3).xlsx",Equity
detailed_equity,Dec-31-2025,Zitopek a.d.,Change in Shares (%),15.84,"filings/capitaliq/Investment/Public Holdings/Equity/Public Holdings Detailed/Dec-31-2025/SPGlobal_GrupoBimbo,S.A.B.deC.V._PublicHoldingsDetailed(Equity)_06-Oct-2026 (3).xlsx",Equity
detailed_equity,Dec-31-2025,Zitopek a.d.,Position Date,2025-11-05,"filings/capitaliq/Investment/Public Holdings/Equity/Public Holdings Detailed/Dec-31-2025/SPGlobal_GrupoBimbo,S.A.B.deC.V._PublicHoldingsDetailed(Equity)_06-Oct-2026 (3).xlsx",Equity
detailed_equity,Dec-31-2025,Zitopek a.d.,Source,Exchange Announcement,"filings/capitaliq/Investment/Public Holdings/Equity/Public Holdings Detailed/Dec-31-2025/SPGlobal_GrupoBimbo,S.A.B.deC.V._PublicHoldingsDetailed(Equity)_06-Oct-2026 (3).xlsx",Equity
detailed_equity,Dec-31-2025,Zitopek a.d.,Funds,NA,"filings/capitaliq/Investment/Public Holdings/Equity/Public Holdings Detailed/Dec-31-2025/SPGlobal_GrupoBimbo,S.A.B.deC.V._PublicHoldingsDetailed(Equity)_06-Oct-2026 (3).xlsx",Equity
detailed_equity,Dec-31-2025,Zitopek a.d.,Region,Europe,"filings/capitaliq/Investment/Public Holdings/Equity/Public Holdings Detailed/Dec-31-2025/SPGlobal_GrupoBimbo,S.A.B.deC.V._PublicHoldingsDetailed(Equity)_06-Oct-2026 (3).xlsx",Equity
detailed_equity,Dec-31-2025,Zitopek a.d.,Corporate Headquarters,Serbia,"filings/capitaliq/Investment/Public Holdings/Equity/Public Holdings Detailed/Dec-31-2025/SPGlobal_GrupoBimbo,S.A.B.deC.V._PublicHoldingsDetailed(Equity)_06-Oct-2026 (3).xlsx",Equity
detailed_equity,Dec-31-2025,Zitopek a.d.,Sector (CIQ/GICS),Consumer Staples,"filings/capitaliq/Investment/Public Holdings/Equity/Public Holdings Detailed/Dec-31-2025/SPGlobal_GrupoBimbo,S.A.B.deC.V._PublicHoldingsDetailed(Equity)_06-Oct-2026 (3).xlsx",Equity
detailed_equity,Dec-31-2025,Zitopek a.d.,Primary Industry (CIQ/GICS),Packaged Foods and Meats,"filings/capitaliq/Investment/Public Holdings/Equity/Public Holdings Detailed/Dec-31-2025/SPGlobal_GrupoBimbo,S.A.B.deC.V._PublicHoldingsDetailed(Equity)_06-Oct-2026 (3).xlsx",Equity
detailed_debt,Dec-31-2025,,note,no debt holdings rows (5 header lines only),"filings/capitaliq/Investment/Public Holdings/Equity/Public Holdings Detailed/Dec-31-2025/SPGlobal_GrupoBimbo,S.A.B.deC.V._PublicHoldingsDetailed(Equity)_06-Oct-2026 (3).xlsx",Debt
detailed_equity,Jun-30-2025,Zitopek a.d.,Exchange,BELEX:ZTPK,"filings/capitaliq/Investment/Public Holdings/Equity/Public Holdings Detailed/Jun-30-2025/SPGlobal_GrupoBimbo,S.A.B.deC.V._PublicHoldingsDetailed(Equity)_06-Oct-2026 (5).xlsx",Equity
detailed_equity,Jun-30-2025,Zitopek a.d.,Security Type,Common Equity,"filings/capitaliq/Investment/Public Holdings/Equity/Public Holdings Detailed/Jun-30-2025/SPGlobal_GrupoBimbo,S.A.B.deC.V._PublicHoldingsDetailed(Equity)_06-Oct-2026 (5).xlsx",Equity
detailed_equity,Jun-30-2025,Zitopek a.d.,Shares Equivalent Held (actual),208294,"filings/capitaliq/Investment/Public Holdings/Equity/Public Holdings Detailed/Jun-30-2025/SPGlobal_GrupoBimbo,S.A.B.deC.V._PublicHoldingsDetailed(Equity)_06-Oct-2026 (5).xlsx",Equity
detailed_equity,Jun-30-2025,Zitopek a.d.,Percent of Common Shares Outstanding (%),84.02,"filings/capitaliq/Investment/Public Holdings/Equity/Public Holdings Detailed/Jun-30-2025/SPGlobal_GrupoBimbo,S.A.B.deC.V._PublicHoldingsDetailed(Equity)_06-Oct-2026 (5).xlsx",Equity
detailed_equity,Jun-30-2025,Zitopek a.d.,% of Equity,NA,"filings/capitaliq/Investment/Public Holdings/Equity/Public Holdings Detailed/Jun-30-2025/SPGlobal_GrupoBimbo,S.A.B.deC.V._PublicHoldingsDetailed(Equity)_06-Oct-2026 (5).xlsx",Equity
detailed_equity,Jun-30-2025,Zitopek a.d.,Market Value (Mex$M),556.608450605226,"filings/capitaliq/Investment/Public Holdings/Equity/Public Holdings Detailed/Jun-30-2025/SPGlobal_GrupoBimbo,S.A.B.deC.V._PublicHoldingsDetailed(Equity)_06-Oct-2026 (5).xlsx",Equity
detailed_equity,Jun-30-2025,Zitopek a.d.,Change in Shares (actual),208294,"filings/capitaliq/Investment/Public Holdings/Equity/Public Holdings Detailed/Jun-30-2025/SPGlobal_GrupoBimbo,S.A.B.deC.V._PublicHoldingsDetailed(Equity)_06-Oct-2026 (5).xlsx",Equity
detailed_equity,Jun-30-2025,Zitopek a.d.,Change in Shares (%),NA,"filings/capitaliq/Investment/Public Holdings/Equity/Public Holdings Detailed/Jun-30-2025/SPGlobal_GrupoBimbo,S.A.B.deC.V._PublicHoldingsDetailed(Equity)_06-Oct-2026 (5).xlsx",Equity
detailed_equity,Jun-30-2025,Zitopek a.d.,Position Date,2025-06-15,"filings/capitaliq/Investment/Public Holdings/Equity/Public Holdings Detailed/Jun-30-2025/SPGlobal_GrupoBimbo,S.A.B.deC.V._PublicHoldingsDetailed(Equity)_06-Oct-2026 (5).xlsx",Equity
detailed_equity,Jun-30-2025,Zitopek a.d.,Source,Exchange Announcement,"filings/capitaliq/Investment/Public Holdings/Equity/Public Holdings Detailed/Jun-30-2025/SPGlobal_GrupoBimbo,S.A.B.deC.V._PublicHoldingsDetailed(Equity)_06-Oct-2026 (5).xlsx",Equity
detailed_equity,Jun-30-2025,Zitopek a.d.,Funds,NA,"filings/capitaliq/Investment/Public Holdings/Equity/Public Holdings Detailed/Jun-30-2025/SPGlobal_GrupoBimbo,S.A.B.deC.V._PublicHoldingsDetailed(Equity)_06-Oct-2026 (5).xlsx",Equity
detailed_equity,Jun-30-2025,Zitopek a.d.,Region,Europe,"filings/capitaliq/Investment/Public Holdings/Equity/Public Holdings Detailed/Jun-30-2025/SPGlobal_GrupoBimbo,S.A.B.deC.V._PublicHoldingsDetailed(Equity)_06-Oct-2026 (5).xlsx",Equity
detailed_equity,Jun-30-2025,Zitopek a.d.,Corporate Headquarters,Serbia,"filings/capitaliq/Investment/Public Holdings/Equity/Public Holdings Detailed/Jun-30-2025/SPGlobal_GrupoBimbo,S.A.B.deC.V._PublicHoldingsDetailed(Equity)_06-Oct-2026 (5).xlsx",Equity
detailed_equity,Jun-30-2025,Zitopek a.d.,Sector (CIQ/GICS),Consumer Staples,"filings/capitaliq/Investment/Public Holdings/Equity/Public Holdings Detailed/Jun-30-2025/SPGlobal_GrupoBimbo,S.A.B.deC.V._PublicHoldingsDetailed(Equity)_06-Oct-2026 (5).xlsx",Equity
detailed_equity,Jun-30-2025,Zitopek a.d.,Primary Industry (CIQ/GICS),Packaged Foods and Meats,"filings/capitaliq/Investment/Public Holdings/Equity/Public Holdings Detailed/Jun-30-2025/SPGlobal_GrupoBimbo,S.A.B.deC.V._PublicHoldingsDetailed(Equity)_06-Oct-2026 (5).xlsx",Equity
detailed_debt,Jun-30-2025,,note,no debt holdings rows (5 header lines only),"filings/capitaliq/Investment/Public Holdings/Equity/Public Holdings Detailed/Jun-30-2025/SPGlobal_GrupoBimbo,S.A.B.deC.V._PublicHoldingsDetailed(Equity)_06-Oct-2026 (5).xlsx",Debt
detailed_equity,Jun-30-2026,Zitopek a.d.,Exchange,BELEX:ZTPK,"filings/capitaliq/Investment/Public Holdings/Equity/Public Holdings Detailed/Jun-30-2026/SPGlobal_GrupoBimbo,S.A.B.deC.V._PublicHoldingsDetailed(Equity)_06-Oct-2026 (1).xlsx",Equity
detailed_equity,Jun-30-2026,Zitopek a.d.,Security Type,Common Equity,"filings/capitaliq/Investment/Public Holdings/Equity/Public Holdings Detailed/Jun-30-2026/SPGlobal_GrupoBimbo,S.A.B.deC.V._PublicHoldingsDetailed(Equity)_06-Oct-2026 (1).xlsx",Equity
detailed_equity,Jun-30-2026,Zitopek a.d.,Shares Equivalent Held (actual),241537,"filings/capitaliq/Investment/Public Holdings/Equity/Public Holdings Detailed/Jun-30-2026/SPGlobal_GrupoBimbo,S.A.B.deC.V._PublicHoldingsDetailed(Equity)_06-Oct-2026 (1).xlsx",Equity
detailed_equity,Jun-30-2026,Zitopek a.d.,Percent of Common Shares Outstanding (%),97.43,"filings/capitaliq/Investment/Public Holdings/Equity/Public Holdings Detailed/Jun-30-2026/SPGlobal_GrupoBimbo,S.A.B.deC.V._PublicHoldingsDetailed(Equity)_06-Oct-2026 (1).xlsx",Equity
detailed_equity,Jun-30-2026,Zitopek a.d.,% of Equity,NA,"filings/capitaliq/Investment/Public Holdings/Equity/Public Holdings Detailed/Jun-30-2026/SPGlobal_GrupoBimbo,S.A.B.deC.V._PublicHoldingsDetailed(Equity)_06-Oct-2026 (1).xlsx",Equity
detailed_equity,Jun-30-2026,Zitopek a.d.,Market Value (Mex$M),645.441228906423,"filings/capitaliq/Investment/Public Holdings/Equity/Public Holdings Detailed/Jun-30-2026/SPGlobal_GrupoBimbo,S.A.B.deC.V._PublicHoldingsDetailed(Equity)_06-Oct-2026 (1).xlsx",Equity
detailed_equity,Jun-30-2026,Zitopek a.d.,Change in Shares (actual),0,"filings/capitaliq/Investment/Public Holdings/Equity/Public Holdings Detailed/Jun-30-2026/SPGlobal_GrupoBimbo,S.A.B.deC.V._PublicHoldingsDetailed(Equity)_06-Oct-2026 (1).xlsx",Equity
detailed_equity,Jun-30-2026,Zitopek a.d.,Change in Shares (%),NA,"filings/capitaliq/Investment/Public Holdings/Equity/Public Holdings Detailed/Jun-30-2026/SPGlobal_GrupoBimbo,S.A.B.deC.V._PublicHoldingsDetailed(Equity)_06-Oct-2026 (1).xlsx",Equity
detailed_equity,Jun-30-2026,Zitopek a.d.,Position Date,2026-02-02,"filings/capitaliq/Investment/Public Holdings/Equity/Public Holdings Detailed/Jun-30-2026/SPGlobal_GrupoBimbo,S.A.B.deC.V._PublicHoldingsDetailed(Equity)_06-Oct-2026 (1).xlsx",Equity
detailed_equity,Jun-30-2026,Zitopek a.d.,Source,Exchange Announcement,"filings/capitaliq/Investment/Public Holdings/Equity/Public Holdings Detailed/Jun-30-2026/SPGlobal_GrupoBimbo,S.A.B.deC.V._PublicHoldingsDetailed(Equity)_06-Oct-2026 (1).xlsx",Equity
detailed_equity,Jun-30-2026,Zitopek a.d.,Funds,NA,"filings/capitaliq/Investment/Public Holdings/Equity/Public Holdings Detailed/Jun-30-2026/SPGlobal_GrupoBimbo,S.A.B.deC.V._PublicHoldingsDetailed(Equity)_06-Oct-2026 (1).xlsx",Equity
detailed_equity,Jun-30-2026,Zitopek a.d.,Region,Europe,"filings/capitaliq/Investment/Public Holdings/Equity/Public Holdings Detailed/Jun-30-2026/SPGlobal_GrupoBimbo,S.A.B.deC.V._PublicHoldingsDetailed(Equity)_06-Oct-2026 (1).xlsx",Equity
detailed_equity,Jun-30-2026,Zitopek a.d.,Corporate Headquarters,Serbia,"filings/capitaliq/Investment/Public Holdings/Equity/Public Holdings Detailed/Jun-30-2026/SPGlobal_GrupoBimbo,S.A.B.deC.V._PublicHoldingsDetailed(Equity)_06-Oct-2026 (1).xlsx",Equity
detailed_equity,Jun-30-2026,Zitopek a.d.,Sector (CIQ/GICS),Consumer Staples,"filings/capitaliq/Investment/Public Holdings/Equity/Public Holdings Detailed/Jun-30-2026/SPGlobal_GrupoBimbo,S.A.B.deC.V._PublicHoldingsDetailed(Equity)_06-Oct-2026 (1).xlsx",Equity
detailed_equity,Jun-30-2026,Zitopek a.d.,Primary Industry (CIQ/GICS),Packaged Foods and Meats,"filings/capitaliq/Investment/Public Holdings/Equity/Public Holdings Detailed/Jun-30-2026/SPGlobal_GrupoBimbo,S.A.B.deC.V._PublicHoldingsDetailed(Equity)_06-Oct-2026 (1).xlsx",Equity
detailed_debt,Jun-30-2026,,note,no debt holdings rows (5 header lines only),"filings/capitaliq/Investment/Public Holdings/Equity/Public Holdings Detailed/Jun-30-2026/SPGlobal_GrupoBimbo,S.A.B.deC.V._PublicHoldingsDetailed(Equity)_06-Oct-2026 (1).xlsx",Debt
detailed_equity,Latest Filings,Zitopek a.d.,Exchange,BELEX:ZTPK,"filings/capitaliq/Investment/Public Holdings/Equity/Public Holdings Detailed/Latest Filings/SPGlobal_GrupoBimbo,S.A.B.deC.V._PublicHoldingsDetailed(Equity)_06-Oct-2026.xlsx",Equity
detailed_equity,Latest Filings,Zitopek a.d.,Security Type,Common Equity,"filings/capitaliq/Investment/Public Holdings/Equity/Public Holdings Detailed/Latest Filings/SPGlobal_GrupoBimbo,S.A.B.deC.V._PublicHoldingsDetailed(Equity)_06-Oct-2026.xlsx",Equity
detailed_equity,Latest Filings,Zitopek a.d.,Shares Equivalent Held (actual),241537,"filings/capitaliq/Investment/Public Holdings/Equity/Public Holdings Detailed/Latest Filings/SPGlobal_GrupoBimbo,S.A.B.deC.V._PublicHoldingsDetailed(Equity)_06-Oct-2026.xlsx",Equity
detailed_equity,Latest Filings,Zitopek a.d.,Percent of Common Shares Outstanding (%),97.43,"filings/capitaliq/Investment/Public Holdings/Equity/Public Holdings Detailed/Latest Filings/SPGlobal_GrupoBimbo,S.A.B.deC.V._PublicHoldingsDetailed(Equity)_06-Oct-2026.xlsx",Equity
detailed_equity,Latest Filings,Zitopek a.d.,% of Equity,NA,"filings/capitaliq/Investment/Public Holdings/Equity/Public Holdings Detailed/Latest Filings/SPGlobal_GrupoBimbo,S.A.B.deC.V._PublicHoldingsDetailed(Equity)_06-Oct-2026.xlsx",Equity
detailed_equity,Latest Filings,Zitopek a.d.,Market Value (Mex$M),645.441228906423,"filings/capitaliq/Investment/Public Holdings/Equity/Public Holdings Detailed/Latest Filings/SPGlobal_GrupoBimbo,S.A.B.deC.V._PublicHoldingsDetailed(Equity)_06-Oct-2026.xlsx",Equity
detailed_equity,Latest Filings,Zitopek a.d.,Change in Shares (actual),0,"filings/capitaliq/Investment/Public Holdings/Equity/Public Holdings Detailed/Latest Filings/SPGlobal_GrupoBimbo,S.A.B.deC.V._PublicHoldingsDetailed(Equity)_06-Oct-2026.xlsx",Equity
detailed_equity,Latest Filings,Zitopek a.d.,Change in Shares (%),NA,"filings/capitaliq/Investment/Public Holdings/Equity/Public Holdings Detailed/Latest Filings/SPGlobal_GrupoBimbo,S.A.B.deC.V._PublicHoldingsDetailed(Equity)_06-Oct-2026.xlsx",Equity
detailed_equity,Latest Filings,Zitopek a.d.,Position Date,2026-02-02,"filings/capitaliq/Investment/Public Holdings/Equity/Public Holdings Detailed/Latest Filings/SPGlobal_GrupoBimbo,S.A.B.deC.V._PublicHoldingsDetailed(Equity)_06-Oct-2026.xlsx",Equity
detailed_equity,Latest Filings,Zitopek a.d.,Source,Exchange Announcement,"filings/capitaliq/Investment/Public Holdings/Equity/Public Holdings Detailed/Latest Filings/SPGlobal_GrupoBimbo,S.A.B.deC.V._PublicHoldingsDetailed(Equity)_06-Oct-2026.xlsx",Equity
detailed_equity,Latest Filings,Zitopek a.d.,Funds,NA,"filings/capitaliq/Investment/Public Holdings/Equity/Public Holdings Detailed/Latest Filings/SPGlobal_GrupoBimbo,S.A.B.deC.V._PublicHoldingsDetailed(Equity)_06-Oct-2026.xlsx",Equity
detailed_equity,Latest Filings,Zitopek a.d.,Region,Europe,"filings/capitaliq/Investment/Public Holdings/Equity/Public Holdings Detailed/Latest Filings/SPGlobal_GrupoBimbo,S.A.B.deC.V._PublicHoldingsDetailed(Equity)_06-Oct-2026.xlsx",Equity
detailed_equity,Latest Filings,Zitopek a.d.,Corporate Headquarters,Serbia,"filings/capitaliq/Investment/Public Holdings/Equity/Public Holdings Detailed/Latest Filings/SPGlobal_GrupoBimbo,S.A.B.deC.V._PublicHoldingsDetailed(Equity)_06-Oct-2026.xlsx",Equity
detailed_equity,Latest Filings,Zitopek a.d.,Sector (CIQ/GICS),Consumer Staples,"filings/capitaliq/Investment/Public Holdings/Equity/Public Holdings Detailed/Latest Filings/SPGlobal_GrupoBimbo,S.A.B.deC.V._PublicHoldingsDetailed(Equity)_06-Oct-2026.xlsx",Equity
detailed_equity,Latest Filings,Zitopek a.d.,Primary Industry (CIQ/GICS),Packaged Foods and Meats,"filings/capitaliq/Investment/Public Holdings/Equity/Public Holdings Detailed/Latest Filings/SPGlobal_GrupoBimbo,S.A.B.deC.V._PublicHoldingsDetailed(Equity)_06-Oct-2026.xlsx",Equity
detailed_debt,Latest Filings,,note,no debt holdings rows (5 header lines only),"filings/capitaliq/Investment/Public Holdings/Equity/Public Holdings Detailed/Latest Filings/SPGlobal_GrupoBimbo,S.A.B.deC.V._PublicHoldingsDetailed(Equity)_06-Oct-2026.xlsx",Debt
detailed_equity,Mar-31-2026,Zitopek a.d.,Exchange,BELEX:ZTPK,"filings/capitaliq/Investment/Public Holdings/Equity/Public Holdings Detailed/Mar-31-2026/SPGlobal_GrupoBimbo,S.A.B.deC.V._PublicHoldingsDetailed(Equity)_06-Oct-2026 (2).xlsx",Equity
detailed_equity,Mar-31-2026,Zitopek a.d.,Security Type,Common Equity,"filings/capitaliq/Investment/Public Holdings/Equity/Public Holdings Detailed/Mar-31-2026/SPGlobal_GrupoBimbo,S.A.B.deC.V._PublicHoldingsDetailed(Equity)_06-Oct-2026 (2).xlsx",Equity
detailed_equity,Mar-31-2026,Zitopek a.d.,Shares Equivalent Held (actual),241537,"filings/capitaliq/Investment/Public Holdings/Equity/Public Holdings Detailed/Mar-31-2026/SPGlobal_GrupoBimbo,S.A.B.deC.V._PublicHoldingsDetailed(Equity)_06-Oct-2026 (2).xlsx",Equity
detailed_equity,Mar-31-2026,Zitopek a.d.,Percent of Common Shares Outstanding (%),97.43,"filings/capitaliq/Investment/Public Holdings/Equity/Public Holdings Detailed/Mar-31-2026/SPGlobal_GrupoBimbo,S.A.B.deC.V._PublicHoldingsDetailed(Equity)_06-Oct-2026 (2).xlsx",Equity
detailed_equity,Mar-31-2026,Zitopek a.d.,% of Equity,NA,"filings/capitaliq/Investment/Public Holdings/Equity/Public Holdings Detailed/Mar-31-2026/SPGlobal_GrupoBimbo,S.A.B.deC.V._PublicHoldingsDetailed(Equity)_06-Oct-2026 (2).xlsx",Equity
detailed_equity,Mar-31-2026,Zitopek a.d.,Market Value (Mex$M),645.441228906423,"filings/capitaliq/Investment/Public Holdings/Equity/Public Holdings Detailed/Mar-31-2026/SPGlobal_GrupoBimbo,S.A.B.deC.V._PublicHoldingsDetailed(Equity)_06-Oct-2026 (2).xlsx",Equity
detailed_equity,Mar-31-2026,Zitopek a.d.,Change in Shares (actual),250,"filings/capitaliq/Investment/Public Holdings/Equity/Public Holdings Detailed/Mar-31-2026/SPGlobal_GrupoBimbo,S.A.B.deC.V._PublicHoldingsDetailed(Equity)_06-Oct-2026 (2).xlsx",Equity
detailed_equity,Mar-31-2026,Zitopek a.d.,Change in Shares (%),0.104,"filings/capitaliq/Investment/Public Holdings/Equity/Public Holdings Detailed/Mar-31-2026/SPGlobal_GrupoBimbo,S.A.B.deC.V._PublicHoldingsDetailed(Equity)_06-Oct-2026 (2).xlsx",Equity
detailed_equity,Mar-31-2026,Zitopek a.d.,Position Date,2026-02-02,"filings/capitaliq/Investment/Public Holdings/Equity/Public Holdings Detailed/Mar-31-2026/SPGlobal_GrupoBimbo,S.A.B.deC.V._PublicHoldingsDetailed(Equity)_06-Oct-2026 (2).xlsx",Equity
detailed_equity,Mar-31-2026,Zitopek a.d.,Source,Exchange Announcement,"filings/capitaliq/Investment/Public Holdings/Equity/Public Holdings Detailed/Mar-31-2026/SPGlobal_GrupoBimbo,S.A.B.deC.V._PublicHoldingsDetailed(Equity)_06-Oct-2026 (2).xlsx",Equity
detailed_equity,Mar-31-2026,Zitopek a.d.,Funds,NA,"filings/capitaliq/Investment/Public Holdings/Equity/Public Holdings Detailed/Mar-31-2026/SPGlobal_GrupoBimbo,S.A.B.deC.V._PublicHoldingsDetailed(Equity)_06-Oct-2026 (2).xlsx",Equity
detailed_equity,Mar-31-2026,Zitopek a.d.,Region,Europe,"filings/capitaliq/Investment/Public Holdings/Equity/Public Holdings Detailed/Mar-31-2026/SPGlobal_GrupoBimbo,S.A.B.deC.V._PublicHoldingsDetailed(Equity)_06-Oct-2026 (2).xlsx",Equity
detailed_equity,Mar-31-2026,Zitopek a.d.,Corporate Headquarters,Serbia,"filings/capitaliq/Investment/Public Holdings/Equity/Public Holdings Detailed/Mar-31-2026/SPGlobal_GrupoBimbo,S.A.B.deC.V._PublicHoldingsDetailed(Equity)_06-Oct-2026 (2).xlsx",Equity
detailed_equity,Mar-31-2026,Zitopek a.d.,Sector (CIQ/GICS),Consumer Staples,"filings/capitaliq/Investment/Public Holdings/Equity/Public Holdings Detailed/Mar-31-2026/SPGlobal_GrupoBimbo,S.A.B.deC.V._PublicHoldingsDetailed(Equity)_06-Oct-2026 (2).xlsx",Equity
detailed_equity,Mar-31-2026,Zitopek a.d.,Primary Industry (CIQ/GICS),Packaged Foods and Meats,"filings/capitaliq/Investment/Public Holdings/Equity/Public Holdings Detailed/Mar-31-2026/SPGlobal_GrupoBimbo,S.A.B.deC.V._PublicHoldingsDetailed(Equity)_06-Oct-2026 (2).xlsx",Equity
detailed_debt,Mar-31-2026,,note,no debt holdings rows (5 header lines only),"filings/capitaliq/Investment/Public Holdings/Equity/Public Holdings Detailed/Mar-31-2026/SPGlobal_GrupoBimbo,S.A.B.deC.V._PublicHoldingsDetailed(Equity)_06-Oct-2026 (2).xlsx",Debt
detailed_equity,Sep-30-2025,Zitopek a.d.,Exchange,BELEX:ZTPK,"filings/capitaliq/Investment/Public Holdings/Equity/Public Holdings Detailed/Sep-30-2025/SPGlobal_GrupoBimbo,S.A.B.deC.V._PublicHoldingsDetailed(Equity)_06-Oct-2026 (4).xlsx",Equity
detailed_equity,Sep-30-2025,Zitopek a.d.,Security Type,Common Equity,"filings/capitaliq/Investment/Public Holdings/Equity/Public Holdings Detailed/Sep-30-2025/SPGlobal_GrupoBimbo,S.A.B.deC.V._PublicHoldingsDetailed(Equity)_06-Oct-2026 (4).xlsx",Equity
detailed_equity,Sep-30-2025,Zitopek a.d.,Shares Equivalent Held (actual),208294,"filings/capitaliq/Investment/Public Holdings/Equity/Public Holdings Detailed/Sep-30-2025/SPGlobal_GrupoBimbo,S.A.B.deC.V._PublicHoldingsDetailed(Equity)_06-Oct-2026 (4).xlsx",Equity
detailed_equity,Sep-30-2025,Zitopek a.d.,Percent of Common Shares Outstanding (%),84.02,"filings/capitaliq/Investment/Public Holdings/Equity/Public Holdings Detailed/Sep-30-2025/SPGlobal_GrupoBimbo,S.A.B.deC.V._PublicHoldingsDetailed(Equity)_06-Oct-2026 (4).xlsx",Equity
detailed_equity,Sep-30-2025,Zitopek a.d.,% of Equity,NA,"filings/capitaliq/Investment/Public Holdings/Equity/Public Holdings Detailed/Sep-30-2025/SPGlobal_GrupoBimbo,S.A.B.deC.V._PublicHoldingsDetailed(Equity)_06-Oct-2026 (4).xlsx",Equity
detailed_equity,Sep-30-2025,Zitopek a.d.,Market Value (Mex$M),556.608450605226,"filings/capitaliq/Investment/Public Holdings/Equity/Public Holdings Detailed/Sep-30-2025/SPGlobal_GrupoBimbo,S.A.B.deC.V._PublicHoldingsDetailed(Equity)_06-Oct-2026 (4).xlsx",Equity
detailed_equity,Sep-30-2025,Zitopek a.d.,Change in Shares (actual),0,"filings/capitaliq/Investment/Public Holdings/Equity/Public Holdings Detailed/Sep-30-2025/SPGlobal_GrupoBimbo,S.A.B.deC.V._PublicHoldingsDetailed(Equity)_06-Oct-2026 (4).xlsx",Equity
detailed_equity,Sep-30-2025,Zitopek a.d.,Change in Shares (%),NA,"filings/capitaliq/Investment/Public Holdings/Equity/Public Holdings Detailed/Sep-30-2025/SPGlobal_GrupoBimbo,S.A.B.deC.V._PublicHoldingsDetailed(Equity)_06-Oct-2026 (4).xlsx",Equity
detailed_equity,Sep-30-2025,Zitopek a.d.,Position Date,2025-07-10,"filings/capitaliq/Investment/Public Holdings/Equity/Public Holdings Detailed/Sep-30-2025/SPGlobal_GrupoBimbo,S.A.B.deC.V._PublicHoldingsDetailed(Equity)_06-Oct-2026 (4).xlsx",Equity
detailed_equity,Sep-30-2025,Zitopek a.d.,Source,Exchange Announcement,"filings/capitaliq/Investment/Public Holdings/Equity/Public Holdings Detailed/Sep-30-2025/SPGlobal_GrupoBimbo,S.A.B.deC.V._PublicHoldingsDetailed(Equity)_06-Oct-2026 (4).xlsx",Equity
detailed_equity,Sep-30-2025,Zitopek a.d.,Funds,NA,"filings/capitaliq/Investment/Public Holdings/Equity/Public Holdings Detailed/Sep-30-2025/SPGlobal_GrupoBimbo,S.A.B.deC.V._PublicHoldingsDetailed(Equity)_06-Oct-2026 (4).xlsx",Equity
detailed_equity,Sep-30-2025,Zitopek a.d.,Region,Europe,"filings/capitaliq/Investment/Public Holdings/Equity/Public Holdings Detailed/Sep-30-2025/SPGlobal_GrupoBimbo,S.A.B.deC.V._PublicHoldingsDetailed(Equity)_06-Oct-2026 (4).xlsx",Equity
detailed_equity,Sep-30-2025,Zitopek a.d.,Corporate Headquarters,Serbia,"filings/capitaliq/Investment/Public Holdings/Equity/Public Holdings Detailed/Sep-30-2025/SPGlobal_GrupoBimbo,S.A.B.deC.V._PublicHoldingsDetailed(Equity)_06-Oct-2026 (4).xlsx",Equity
detailed_equity,Sep-30-2025,Zitopek a.d.,Sector (CIQ/GICS),Consumer Staples,"filings/capitaliq/Investment/Public Holdings/Equity/Public Holdings Detailed/Sep-30-2025/SPGlobal_GrupoBimbo,S.A.B.deC.V._PublicHoldingsDetailed(Equity)_06-Oct-2026 (4).xlsx",Equity
detailed_equity,Sep-30-2025,Zitopek a.d.,Primary Industry (CIQ/GICS),Packaged Foods and Meats,"filings/capitaliq/Investment/Public Holdings/Equity/Public Holdings Detailed/Sep-30-2025/SPGlobal_GrupoBimbo,S.A.B.deC.V._PublicHoldingsDetailed(Equity)_06-Oct-2026 (4).xlsx",Equity
detailed_debt,Sep-30-2025,,note,no debt holdings rows (5 header lines only),"filings/capitaliq/Investment/Public Holdings/Equity/Public Holdings Detailed/Sep-30-2025/SPGlobal_GrupoBimbo,S.A.B.deC.V._PublicHoldingsDetailed(Equity)_06-Oct-2026 (4).xlsx",Debt
history,Jun-30-2025,Zitopek a.d.,% Change,,"filings/capitaliq/Investment/Public Holdings/Public Holdings History/% Change/SPGlobal_GrupoBimbo,S.A.B.deC.V._PublicHoldingsHistory_06-Oct-2026 (5).xlsx",Public Holdings History
history,Sep-30-2025,Zitopek a.d.,% Change,,"filings/capitaliq/Investment/Public Holdings/Public Holdings History/% Change/SPGlobal_GrupoBimbo,S.A.B.deC.V._PublicHoldingsHistory_06-Oct-2026 (5).xlsx",Public Holdings History
history,Dec-31-2025,Zitopek a.d.,% Change,15.84,"filings/capitaliq/Investment/Public Holdings/Public Holdings History/% Change/SPGlobal_GrupoBimbo,S.A.B.deC.V._PublicHoldingsHistory_06-Oct-2026 (5).xlsx",Public Holdings History
history,Mar-31-2026,Zitopek a.d.,% Change,0.104,"filings/capitaliq/Investment/Public Holdings/Public Holdings History/% Change/SPGlobal_GrupoBimbo,S.A.B.deC.V._PublicHoldingsHistory_06-Oct-2026 (5).xlsx",Public Holdings History
history,Jun-30-2026,Zitopek a.d.,% Change,,"filings/capitaliq/Investment/Public Holdings/Public Holdings History/% Change/SPGlobal_GrupoBimbo,S.A.B.deC.V._PublicHoldingsHistory_06-Oct-2026 (5).xlsx",Public Holdings History
history,Latest,Zitopek a.d.,% Change,,"filings/capitaliq/Investment/Public Holdings/Public Holdings History/% Change/SPGlobal_GrupoBimbo,S.A.B.deC.V._PublicHoldingsHistory_06-Oct-2026 (5).xlsx",Public Holdings History
history,Jun-30-2025,Zitopek a.d.,% of CSO,84.02,"filings/capitaliq/Investment/Public Holdings/Public Holdings History/% of CSO/SPGlobal_GrupoBimbo,S.A.B.deC.V._PublicHoldingsHistory_06-Oct-2026 (1).xlsx",Public Holdings History
history,Sep-30-2025,Zitopek a.d.,% of CSO,84.02,"filings/capitaliq/Investment/Public Holdings/Public Holdings History/% of CSO/SPGlobal_GrupoBimbo,S.A.B.deC.V._PublicHoldingsHistory_06-Oct-2026 (1).xlsx",Public Holdings History
history,Dec-31-2025,Zitopek a.d.,% of CSO,97.33,"filings/capitaliq/Investment/Public Holdings/Public Holdings History/% of CSO/SPGlobal_GrupoBimbo,S.A.B.deC.V._PublicHoldingsHistory_06-Oct-2026 (1).xlsx",Public Holdings History
history,Mar-31-2026,Zitopek a.d.,% of CSO,97.43,"filings/capitaliq/Investment/Public Holdings/Public Holdings History/% of CSO/SPGlobal_GrupoBimbo,S.A.B.deC.V._PublicHoldingsHistory_06-Oct-2026 (1).xlsx",Public Holdings History
history,Jun-30-2026,Zitopek a.d.,% of CSO,97.43,"filings/capitaliq/Investment/Public Holdings/Public Holdings History/% of CSO/SPGlobal_GrupoBimbo,S.A.B.deC.V._PublicHoldingsHistory_06-Oct-2026 (1).xlsx",Public Holdings History
history,Latest,Zitopek a.d.,% of CSO,97.43,"filings/capitaliq/Investment/Public Holdings/Public Holdings History/% of CSO/SPGlobal_GrupoBimbo,S.A.B.deC.V._PublicHoldingsHistory_06-Oct-2026 (1).xlsx",Public Holdings History
history,Jun-30-2025,Zitopek a.d.,% of Equity,,"filings/capitaliq/Investment/Public Holdings/Public Holdings History/% of Equity/SPGlobal_GrupoBimbo,S.A.B.deC.V._PublicHoldingsHistory_06-Oct-2026 (2).xlsx",Public Holdings History
history,Sep-30-2025,Zitopek a.d.,% of Equity,,"filings/capitaliq/Investment/Public Holdings/Public Holdings History/% of Equity/SPGlobal_GrupoBimbo,S.A.B.deC.V._PublicHoldingsHistory_06-Oct-2026 (2).xlsx",Public Holdings History
history,Dec-31-2025,Zitopek a.d.,% of Equity,,"filings/capitaliq/Investment/Public Holdings/Public Holdings History/% of Equity/SPGlobal_GrupoBimbo,S.A.B.deC.V._PublicHoldingsHistory_06-Oct-2026 (2).xlsx",Public Holdings History
history,Mar-31-2026,Zitopek a.d.,% of Equity,,"filings/capitaliq/Investment/Public Holdings/Public Holdings History/% of Equity/SPGlobal_GrupoBimbo,S.A.B.deC.V._PublicHoldingsHistory_06-Oct-2026 (2).xlsx",Public Holdings History
history,Jun-30-2026,Zitopek a.d.,% of Equity,,"filings/capitaliq/Investment/Public Holdings/Public Holdings History/% of Equity/SPGlobal_GrupoBimbo,S.A.B.deC.V._PublicHoldingsHistory_06-Oct-2026 (2).xlsx",Public Holdings History
history,Latest,Zitopek a.d.,% of Equity,,"filings/capitaliq/Investment/Public Holdings/Public Holdings History/% of Equity/SPGlobal_GrupoBimbo,S.A.B.deC.V._PublicHoldingsHistory_06-Oct-2026 (2).xlsx",Public Holdings History
history,Jun-30-2025,Zitopek a.d.,Change in Shares,208294,"filings/capitaliq/Investment/Public Holdings/Public Holdings History/Change in Shares/SPGlobal_GrupoBimbo,S.A.B.deC.V._PublicHoldingsHistory_06-Oct-2026 (4).xlsx",Public Holdings History
history,Sep-30-2025,Zitopek a.d.,Change in Shares,0,"filings/capitaliq/Investment/Public Holdings/Public Holdings History/Change in Shares/SPGlobal_GrupoBimbo,S.A.B.deC.V._PublicHoldingsHistory_06-Oct-2026 (4).xlsx",Public Holdings History
history,Dec-31-2025,Zitopek a.d.,Change in Shares,32993,"filings/capitaliq/Investment/Public Holdings/Public Holdings History/Change in Shares/SPGlobal_GrupoBimbo,S.A.B.deC.V._PublicHoldingsHistory_06-Oct-2026 (4).xlsx",Public Holdings History
history,Mar-31-2026,Zitopek a.d.,Change in Shares,250,"filings/capitaliq/Investment/Public Holdings/Public Holdings History/Change in Shares/SPGlobal_GrupoBimbo,S.A.B.deC.V._PublicHoldingsHistory_06-Oct-2026 (4).xlsx",Public Holdings History
history,Jun-30-2026,Zitopek a.d.,Change in Shares,0,"filings/capitaliq/Investment/Public Holdings/Public Holdings History/Change in Shares/SPGlobal_GrupoBimbo,S.A.B.deC.V._PublicHoldingsHistory_06-Oct-2026 (4).xlsx",Public Holdings History
history,Latest,Zitopek a.d.,Change in Shares,0,"filings/capitaliq/Investment/Public Holdings/Public Holdings History/Change in Shares/SPGlobal_GrupoBimbo,S.A.B.deC.V._PublicHoldingsHistory_06-Oct-2026 (4).xlsx",Public Holdings History
history,Jun-30-2025,Zitopek a.d.,Common Stock  Equivalent Held,208294,"filings/capitaliq/Investment/Public Holdings/Public Holdings History/Common Stock  Equivalent Held/SPGlobal_GrupoBimbo,S.A.B.deC.V._PublicHoldingsHistory_06-Oct-2026.xlsx",Public Holdings History
history,Sep-30-2025,Zitopek a.d.,Common Stock  Equivalent Held,208294,"filings/capitaliq/Investment/Public Holdings/Public Holdings History/Common Stock  Equivalent Held/SPGlobal_GrupoBimbo,S.A.B.deC.V._PublicHoldingsHistory_06-Oct-2026.xlsx",Public Holdings History
history,Dec-31-2025,Zitopek a.d.,Common Stock  Equivalent Held,241287,"filings/capitaliq/Investment/Public Holdings/Public Holdings History/Common Stock  Equivalent Held/SPGlobal_GrupoBimbo,S.A.B.deC.V._PublicHoldingsHistory_06-Oct-2026.xlsx",Public Holdings History
history,Mar-31-2026,Zitopek a.d.,Common Stock  Equivalent Held,241537,"filings/capitaliq/Investment/Public Holdings/Public Holdings History/Common Stock  Equivalent Held/SPGlobal_GrupoBimbo,S.A.B.deC.V._PublicHoldingsHistory_06-Oct-2026.xlsx",Public Holdings History
history,Jun-30-2026,Zitopek a.d.,Common Stock  Equivalent Held,241537,"filings/capitaliq/Investment/Public Holdings/Public Holdings History/Common Stock  Equivalent Held/SPGlobal_GrupoBimbo,S.A.B.deC.V._PublicHoldingsHistory_06-Oct-2026.xlsx",Public Holdings History
history,Latest,Zitopek a.d.,Common Stock  Equivalent Held,241537,"filings/capitaliq/Investment/Public Holdings/Public Holdings History/Common Stock  Equivalent Held/SPGlobal_GrupoBimbo,S.A.B.deC.V._PublicHoldingsHistory_06-Oct-2026.xlsx",Public Holdings History
history,Jun-30-2025,Zitopek a.d.,Market Value,610.39570011322,"filings/capitaliq/Investment/Public Holdings/Public Holdings History/Market Value/SPGlobal_GrupoBimbo,S.A.B.deC.V._PublicHoldingsHistory_06-Oct-2026 (3).xlsx",Public Holdings History
history,Sep-30-2025,Zitopek a.d.,Market Value,592.219176030666,"filings/capitaliq/Investment/Public Holdings/Public Holdings History/Market Value/SPGlobal_GrupoBimbo,S.A.B.deC.V._PublicHoldingsHistory_06-Oct-2026 (3).xlsx",Public Holdings History
history,Dec-31-2025,Zitopek a.d.,Market Value,672.880635910071,"filings/capitaliq/Investment/Public Holdings/Public Holdings History/Market Value/SPGlobal_GrupoBimbo,S.A.B.deC.V._PublicHoldingsHistory_06-Oct-2026 (3).xlsx",Public Holdings History
history,Mar-31-2026,Zitopek a.d.,Market Value,662.5570876869594,"filings/capitaliq/Investment/Public Holdings/Public Holdings History/Market Value/SPGlobal_GrupoBimbo,S.A.B.deC.V._PublicHoldingsHistory_06-Oct-2026 (3).xlsx",Public Holdings History
history,Jun-30-2026,Zitopek a.d.,Market Value,636.7108983158914,"filings/capitaliq/Investment/Public Holdings/Public Holdings History/Market Value/SPGlobal_GrupoBimbo,S.A.B.deC.V._PublicHoldingsHistory_06-Oct-2026 (3).xlsx",Public Holdings History
history,Latest,Zitopek a.d.,Market Value,645.441228906423,"filings/capitaliq/Investment/Public Holdings/Public Holdings History/Market Value/SPGlobal_GrupoBimbo,S.A.B.deC.V._PublicHoldingsHistory_06-Oct-2026 (3).xlsx",Public Holdings History
