section,Supplier Name,Customer Name,Relationship Type,Primary Industry,Geography,Start Date,End Date,Supplier Expense ($M),Supplier Expense (%),Min %,Max %,Min Value ($M),Max Value ($M),Source,currency_note,as_of,source_file,sheet,row
Recently Disclosed Suppliers,"Beta San Miguel, S.A. De C.V.","Grupo Bimbo, S.A.B. de C.V.",Supplier,Packaged Foods and Meats,Mexico,2013,,139.13392,,,,,,"Beta San Miguel, S.A. De C.V. FIN SUPP",USD millions ($M) per CIQ header,2026-10-06,"filings/capitaliq/Business Relationships & Supply Chain/Suppliers/SPGlobal_GrupoBimbo,S.A.B.deC.V._Suppliers_06-Oct-2026.xlsx",Suppliers,12
Recently Disclosed Suppliers,"Fabrica De Galletas La Moderna, S.A. De C.V.","Grupo Bimbo, S.A.B. de C.V.",Supplier,Packaged Foods and Meats,Mexico,2013,,100.73295808,,,,,,"Fabrica De Galletas La Moderna, S.A. De C.V. FIN SUPP",USD millions ($M) per CIQ header,2026-10-06,"filings/capitaliq/Business Relationships & Supply Chain/Suppliers/SPGlobal_GrupoBimbo,S.A.B.deC.V._Suppliers_06-Oct-2026.xlsx",Suppliers,13
Recently Disclosed Suppliers,"Frexport, S.A. De C.V.","Grupo Bimbo, S.A.B. de C.V.",Supplier,Industrial Machinery and Supplies and Components,Mexico,2013,,92.885804992,,,,,,"Frexport, S.A. De C.V. FIN SUPP",USD millions ($M) per CIQ header,2026-10-06,"filings/capitaliq/Business Relationships & Supply Chain/Suppliers/SPGlobal_GrupoBimbo,S.A.B.deC.V._Suppliers_06-Oct-2026.xlsx",Suppliers,14
Recently Disclosed Suppliers,"Beta San Miguel, S.A. De C.V.","Grupo Bimbo, S.A.B. de C.V.",Supplier,Packaged Foods and Meats,Mexico,2013,,27.604169728,,,,,,"Beta San Miguel, S.A. De C.V. FIN SUPP",USD millions ($M) per CIQ header,2026-10-06,"filings/capitaliq/Business Relationships & Supply Chain/Suppliers/SPGlobal_GrupoBimbo,S.A.B.deC.V._Suppliers_06-Oct-2026.xlsx",Suppliers,15
Recently Disclosed Suppliers,Grupo Nutresa S. A.,Bimbo De Colombia S.A.,Supplier,Packaged Foods and Meats,Colombia,2016,,22.9781877,,,,,,Grupo Nutresa S. A. AR,USD millions ($M) per CIQ header,2026-10-06,"filings/capitaliq/Business Relationships & Supply Chain/Suppliers/SPGlobal_GrupoBimbo,S.A.B.deC.V._Suppliers_06-Oct-2026.xlsx",Suppliers,16
Recently Disclosed Suppliers,"Fabrica De Galletas La Moderna, S.A. De C.V.","Grupo Bimbo, S.A.B. de C.V.",Supplier,Packaged Foods and Meats,Mexico,2013,,10.796792192,,,,,,"Fabrica De Galletas La Moderna, S.A. De C.V. FIN SUPP",USD millions ($M) per CIQ header,2026-10-06,"filings/capitaliq/Business Relationships & Supply Chain/Suppliers/SPGlobal_GrupoBimbo,S.A.B.deC.V._Suppliers_06-Oct-2026.xlsx",Suppliers,17
Recently Disclosed Suppliers,"Frexport, S.A. De C.V.","Grupo Bimbo, S.A.B. de C.V.",Supplier,Industrial Machinery and Supplies and Components,Mexico,2013,,9.906335104,,,,,,"Frexport, S.A. De C.V. FIN SUPP",USD millions ($M) per CIQ header,2026-10-06,"filings/capitaliq/Business Relationships & Supply Chain/Suppliers/SPGlobal_GrupoBimbo,S.A.B.deC.V._Suppliers_06-Oct-2026.xlsx",Suppliers,18
Recently Disclosed Suppliers,"EFFORM, S.A. de C.V.","Grupo Bimbo, S.A.B. de C.V.",Supplier,Paper and Plastic Packaging Products and Materials,Mexico,2013,,4.5635925760000005,,,,,,"EFFORM, S.A. de C.V. FIN SUPP",USD millions ($M) per CIQ header,2026-10-06,"filings/capitaliq/Business Relationships & Supply Chain/Suppliers/SPGlobal_GrupoBimbo,S.A.B.deC.V._Suppliers_06-Oct-2026.xlsx",Suppliers,19
Recently Disclosed Suppliers,"Uniformes y Equipo Industrial, S.A. de C.V","Grupo Bimbo, S.A.B. de C.V.",Supplier,"Apparel, Accessories and Luxury Goods",Mexico,2013,,1.502646336,,,,,,"Uniformes y Equipo Industrial, S.A. de C.V FIN SUPP",USD millions ($M) per CIQ header,2026-10-06,"filings/capitaliq/Business Relationships & Supply Chain/Suppliers/SPGlobal_GrupoBimbo,S.A.B.deC.V._Suppliers_06-Oct-2026.xlsx",Suppliers,20
Recently Disclosed Suppliers,"Proarce, S.A. De C.V.","Grupo Bimbo, S.A.B. de C.V.",Supplier,Commodity Chemicals,Mexico,2013,,1.3356856320000001,,,,,,"Proarce, S.A. De C.V. FIN SUPP",USD millions ($M) per CIQ header,2026-10-06,"filings/capitaliq/Business Relationships & Supply Chain/Suppliers/SPGlobal_GrupoBimbo,S.A.B.deC.V._Suppliers_06-Oct-2026.xlsx",Suppliers,21
Recently Disclosed Suppliers,Mundo Dulce S.A. De C.V.,"Grupo Bimbo, S.A.B. de C.V.",Supplier,Packaged Foods and Meats,Mexico,2013,,0.779149952,,,,,,Mundo Dulce S.A. De C.V. FIN SUPP,USD millions ($M) per CIQ header,2026-10-06,"filings/capitaliq/Business Relationships & Supply Chain/Suppliers/SPGlobal_GrupoBimbo,S.A.B.deC.V._Suppliers_06-Oct-2026.xlsx",Suppliers,22
Recently Disclosed Suppliers,Mundo Dulce S.A. De C.V.,"Grupo Bimbo, S.A.B. de C.V.",Supplier,Packaged Foods and Meats,Mexico,2013,,0.111307136,,,,,,Mundo Dulce S.A. De C.V. FIN SUPP,USD millions ($M) per CIQ header,2026-10-06,"filings/capitaliq/Business Relationships & Supply Chain/Suppliers/SPGlobal_GrupoBimbo,S.A.B.deC.V._Suppliers_06-Oct-2026.xlsx",Suppliers,23
Recently Disclosed Suppliers,Makymat Sa De C.V.,"Grupo Bimbo, S.A.B. de C.V.",Supplier,Food Distributors,Mexico,2013,,0.055653568,,,,,,Makymat Sa De C.V. FIN SUPP,USD millions ($M) per CIQ header,2026-10-06,"filings/capitaliq/Business Relationships & Supply Chain/Suppliers/SPGlobal_GrupoBimbo,S.A.B.deC.V._Suppliers_06-Oct-2026.xlsx",Suppliers,24
Recently Disclosed Suppliers,"Automotriz Coacalco-Vallejo, S.A.P.I. De C.V.","Grupo Bimbo, S.A.B. de C.V.",Supplier,Automotive Retail,Mexico,2020,,0.055653568,,,,,,"Automotriz Coacalco-Vallejo, S.A.P.I. De C.V. FIN SUPP",USD millions ($M) per CIQ header,2026-10-06,"filings/capitaliq/Business Relationships & Supply Chain/Suppliers/SPGlobal_GrupoBimbo,S.A.B.deC.V._Suppliers_06-Oct-2026.xlsx",Suppliers,25
Recently Disclosed Suppliers,"Valuación Operativa y Referencias de Mercado, S.A. de C.V.","Grupo Bimbo, S.A.B. de C.V.",Vendor,Financial Exchanges and Data,Mexico,2020,,,,,,,,"Valuación Operativa y Referencias de Mercado, S.A. de C.V. FIN SUPP",USD millions ($M) per CIQ header,2026-10-06,"filings/capitaliq/Business Relationships & Supply Chain/Suppliers/SPGlobal_GrupoBimbo,S.A.B.deC.V._Suppliers_06-Oct-2026.xlsx",Suppliers,26
Recently Disclosed Suppliers,"Bank of America, National Association","Grupo Bimbo, S.A.B. de C.V.",Creditor,Diversified Banks,North Carolina,2016,2030,,,,,,,"Bank of America, National Association FIN SUPP",USD millions ($M) per CIQ header,2026-10-06,"filings/capitaliq/Business Relationships & Supply Chain/Suppliers/SPGlobal_GrupoBimbo,S.A.B.deC.V._Suppliers_06-Oct-2026.xlsx",Suppliers,27
Recently Disclosed Suppliers,"BBVA México, S.A., Institución de Banca Múltiple, Grupo Financiero BBVA México","Grupo Bimbo, S.A.B. de C.V.",Creditor,Diversified Banks,Mexico,2016,2030,,,,,,,"BBVA México, S.A., Institución de Banca Múltiple, Grupo Financiero BBVA México FIN SUPP",USD millions ($M) per CIQ header,2026-10-06,"filings/capitaliq/Business Relationships & Supply Chain/Suppliers/SPGlobal_GrupoBimbo,S.A.B.deC.V._Suppliers_06-Oct-2026.xlsx",Suppliers,28
Recently Disclosed Suppliers,"Banco Nacional de México, S.A.","Grupo Bimbo, S.A.B. de C.V.",Creditor,Diversified Banks,Mexico,2018,2027,,,,,,,"Banco Nacional de México, S.A. AR",USD millions ($M) per CIQ header,2026-10-06,"filings/capitaliq/Business Relationships & Supply Chain/Suppliers/SPGlobal_GrupoBimbo,S.A.B.deC.V._Suppliers_06-Oct-2026.xlsx",Suppliers,29
Recently Disclosed Suppliers,ING Bank N.V.,"Grupo Bimbo, S.A.B. de C.V.",Creditor,Diversified Banks,Netherlands,2018,2026,,,,,,,ING Bank N.V. AR,USD millions ($M) per CIQ header,2026-10-06,"filings/capitaliq/Business Relationships & Supply Chain/Suppliers/SPGlobal_GrupoBimbo,S.A.B.deC.V._Suppliers_06-Oct-2026.xlsx",Suppliers,30
Recently Disclosed Suppliers,"JPMorgan Chase Bank, N.A.","Grupo Bimbo, S.A.B. de C.V.",Creditor,Diversified Banks,New York,2018,2030,,,,,,,"JPMorgan Chase Bank, N.A. FIN SUPP",USD millions ($M) per CIQ header,2026-10-06,"filings/capitaliq/Business Relationships & Supply Chain/Suppliers/SPGlobal_GrupoBimbo,S.A.B.deC.V._Suppliers_06-Oct-2026.xlsx",Suppliers,31
Recently Disclosed Suppliers,"MUFG Bank, Ltd.","Grupo Bimbo, S.A.B. de C.V.",Creditor,Diversified Banks,Japan,2018,2026,,,,,,,"MUFG Bank, Ltd. AR",USD millions ($M) per CIQ header,2026-10-06,"filings/capitaliq/Business Relationships & Supply Chain/Suppliers/SPGlobal_GrupoBimbo,S.A.B.deC.V._Suppliers_06-Oct-2026.xlsx",Suppliers,32
Recently Disclosed Suppliers,"Mizuho Bank, Ltd.","Grupo Bimbo, S.A.B. de C.V.",Creditor,Diversified Banks,Japan,2018,2030,,,,,,,"Mizuho Bank, Ltd. FIN SUPP",USD millions ($M) per CIQ header,2026-10-06,"filings/capitaliq/Business Relationships & Supply Chain/Suppliers/SPGlobal_GrupoBimbo,S.A.B.deC.V._Suppliers_06-Oct-2026.xlsx",Suppliers,33
Recently Disclosed Suppliers,"Saba Infraestructuras, S.A.","Grupo Bimbo, S.A.B. de C.V.",Supplier,Highways and Railtracks,Spain,,,,,,,,,"Saba Infraestructuras, S.A. AR",USD millions ($M) per CIQ header,2026-10-06,"filings/capitaliq/Business Relationships & Supply Chain/Suppliers/SPGlobal_GrupoBimbo,S.A.B.deC.V._Suppliers_06-Oct-2026.xlsx",Suppliers,34
Recently Disclosed Suppliers,"VEREIT Operating Partnership, L.P.",Mrs. Baird's Bakeries Incorporated,Landlord,Retail REITs,New York,,,,,,,,,"VEREIT Operating Partnership, L.P. 10-K",USD millions ($M) per CIQ header,2026-10-06,"filings/capitaliq/Business Relationships & Supply Chain/Suppliers/SPGlobal_GrupoBimbo,S.A.B.deC.V._Suppliers_06-Oct-2026.xlsx",Suppliers,35
Recently Disclosed Suppliers,BNP Paribas New York Branch,"Grupo Bimbo, S.A.B. de C.V.",Creditor,Regional Banks,New York,2024,2030,,,,,,,BNP Paribas New York Branch FIN SUPP,USD millions ($M) per CIQ header,2026-10-06,"filings/capitaliq/Business Relationships & Supply Chain/Suppliers/SPGlobal_GrupoBimbo,S.A.B.deC.V._Suppliers_06-Oct-2026.xlsx",Suppliers,36
Recently Disclosed Suppliers,"Grupo Financiero BBVA México, S.A. de C.V.","Grupo Bimbo, S.A.B. de C.V.",Creditor,Diversified Banks,Mexico,2024,,,,,,,,"Grupo Financiero BBVA México, S.A. de C.V. AR",USD millions ($M) per CIQ header,2026-10-06,"filings/capitaliq/Business Relationships & Supply Chain/Suppliers/SPGlobal_GrupoBimbo,S.A.B.deC.V._Suppliers_06-Oct-2026.xlsx",Suppliers,37
Recently Disclosed Suppliers,Princes Group plc,"Grupo Bimbo, S.A.B. de C.V.",Supplier-Distributor,Packaged Foods and Meats,United Kingdom,2025,,,,,,,,Princes Group plc,USD millions ($M) per CIQ header,2026-10-06,"filings/capitaliq/Business Relationships & Supply Chain/Suppliers/SPGlobal_GrupoBimbo,S.A.B.deC.V._Suppliers_06-Oct-2026.xlsx",Suppliers,38
Recently Disclosed Suppliers,"Banco Citi Mexico, S.A., Institucion de Banca Multiple, Grupo Financiero Citi Me","Grupo Bimbo, S.A.B. de C.V.",Creditor,Diversified Banks,Mexico,2023,2027,,,,,,,"Banco Citi Mexico, S.A., Institucion de Banca Multiple, Grupo Financiero Citi Me FIN SUPP",USD millions ($M) per CIQ header,2026-10-06,"filings/capitaliq/Business Relationships & Supply Chain/Suppliers/SPGlobal_GrupoBimbo,S.A.B.deC.V._Suppliers_06-Oct-2026.xlsx",Suppliers,39
Recently Disclosed Suppliers,"Banco Santander, S.A.","Grupo Bimbo, S.A.B. de C.V.",Creditor,Diversified Banks,Spain,2023,2030,,,,,,,"Banco Santander, S.A. FIN SUPP",USD millions ($M) per CIQ header,2026-10-06,"filings/capitaliq/Business Relationships & Supply Chain/Suppliers/SPGlobal_GrupoBimbo,S.A.B.deC.V._Suppliers_06-Oct-2026.xlsx",Suppliers,40
Recently Disclosed Suppliers,"CaixaBank, S.A.","Grupo Bimbo, S.A.B. de C.V.",Creditor,Diversified Banks,Spain,2025,2030,,,,,,,"CaixaBank, S.A. FIN SUPP",USD millions ($M) per CIQ header,2026-10-06,"filings/capitaliq/Business Relationships & Supply Chain/Suppliers/SPGlobal_GrupoBimbo,S.A.B.deC.V._Suppliers_06-Oct-2026.xlsx",Suppliers,41
Recently Disclosed Suppliers,"Coöperatieve Rabobank U.A., New York Branch","Grupo Bimbo, S.A.B. de C.V.",Creditor,Diversified Banks,New York,2023,2030,,,,,,,"Coöperatieve Rabobank U.A., New York Branch FIN SUPP",USD millions ($M) per CIQ header,2026-10-06,"filings/capitaliq/Business Relationships & Supply Chain/Suppliers/SPGlobal_GrupoBimbo,S.A.B.deC.V._Suppliers_06-Oct-2026.xlsx",Suppliers,42
Recently Disclosed Suppliers,"HSBC México, S. A., Institución de Banca Múltiple, Grupo Financiero HSBC","Grupo Bimbo, S.A.B. de C.V.",Creditor,Diversified Banks,Mexico,2018,2030,,,,,,,"HSBC México, S. A., Institución de Banca Múltiple, Grupo Financiero HSBC FIN SUPP",USD millions ($M) per CIQ header,2026-10-06,"filings/capitaliq/Business Relationships & Supply Chain/Suppliers/SPGlobal_GrupoBimbo,S.A.B.deC.V._Suppliers_06-Oct-2026.xlsx",Suppliers,43
Recently Disclosed Suppliers,The Bank of Nova Scotia,"Grupo Bimbo, S.A.B. de C.V.",Creditor,Diversified Banks,Canada,2025,2030,,,,,,,The Bank of Nova Scotia FIN SUPP,USD millions ($M) per CIQ header,2026-10-06,"filings/capitaliq/Business Relationships & Supply Chain/Suppliers/SPGlobal_GrupoBimbo,S.A.B.deC.V._Suppliers_06-Oct-2026.xlsx",Suppliers,44
Recently Disclosed Suppliers,Semac Construction Limited,"Grupo Bimbo, S.A.B. de C.V.",Supplier,Construction and Engineering,India,2026,,,,,,,,Semac Construction Limited AR,USD millions ($M) per CIQ header,2026-10-06,"filings/capitaliq/Business Relationships & Supply Chain/Suppliers/SPGlobal_GrupoBimbo,S.A.B.deC.V._Suppliers_06-Oct-2026.xlsx",Suppliers,45
Recently Disclosed Suppliers,Bank Of America Canada,Canada Bread Company Ltd,Creditor,Diversified Banks,Canada,2025,2030,,,,,,,Bank Of America Canada FIN SUPP,USD millions ($M) per CIQ header,2026-10-06,"filings/capitaliq/Business Relationships & Supply Chain/Suppliers/SPGlobal_GrupoBimbo,S.A.B.deC.V._Suppliers_06-Oct-2026.xlsx",Suppliers,46
Recently Disclosed Suppliers,VGP NV,S.C. Vel Pitar S.A.,Landlord,Real Estate Operating Companies,Belgium,2023,,,,,,,,VGP NV AR,USD millions ($M) per CIQ header,2026-10-06,"filings/capitaliq/Business Relationships & Supply Chain/Suppliers/SPGlobal_GrupoBimbo,S.A.B.deC.V._Suppliers_06-Oct-2026.xlsx",Suppliers,47
Recently Disclosed Suppliers,Bank of America Europe DAC,BB Global Investing Holding SL,Creditor,Diversified Banks,Ireland,2025,2030,,,,,,,Bank of America Europe DAC FIN SUPP,USD millions ($M) per CIQ header,2026-10-06,"filings/capitaliq/Business Relationships & Supply Chain/Suppliers/SPGlobal_GrupoBimbo,S.A.B.deC.V._Suppliers_06-Oct-2026.xlsx",Suppliers,48
Recently Disclosed Suppliers,"Citibank, N.A.","Grupo Bimbo, S.A.B. de C.V.",Creditor,Diversified Banks,South Dakota,2021,2030,,,,,,,"Citibank, N.A. FIN SUPP",USD millions ($M) per CIQ header,2026-10-06,"filings/capitaliq/Business Relationships & Supply Chain/Suppliers/SPGlobal_GrupoBimbo,S.A.B.deC.V._Suppliers_06-Oct-2026.xlsx",Suppliers,49
Recently Disclosed Suppliers,Arker Tecnologia e Desenvolvimento de Software Ltda.,"Grupo Bimbo, S.A.B. de C.V.",Supplier,Application Software,Brazil,2022,,,,,,,,Arker Tecnologia e Desenvolvimento de Software Ltda. FIN SUPP,USD millions ($M) per CIQ header,2026-10-06,"filings/capitaliq/Business Relationships & Supply Chain/Suppliers/SPGlobal_GrupoBimbo,S.A.B.deC.V._Suppliers_06-Oct-2026.xlsx",Suppliers,50
Recently Disclosed Suppliers,"Morgan Stanley Bank, N.A.","Grupo Bimbo, S.A.B. de C.V.",Creditor,Diversified Banks,Utah,2023,2030,,,,,,,"Morgan Stanley Bank, N.A. FIN SUPP",USD millions ($M) per CIQ header,2026-10-06,"filings/capitaliq/Business Relationships & Supply Chain/Suppliers/SPGlobal_GrupoBimbo,S.A.B.deC.V._Suppliers_06-Oct-2026.xlsx",Suppliers,51
Prior and Not Recently Disclosed Suppliers,Compañía Cervecerías Unidas S.A.,Alimentos Nutra Bien S.A.,Supplier,Brewers,Chile,2017,,0.15454365,,,,,,Compañía Cervecerías Unidas S.A. 20-F,USD millions ($M) per CIQ header,2026-10-06,"filings/capitaliq/Business Relationships & Supply Chain/Suppliers/SPGlobal_GrupoBimbo,S.A.B.deC.V._Suppliers_06-Oct-2026.xlsx",Suppliers,57
Prior and Not Recently Disclosed Suppliers,Molino Cañuelas S.A.C.I.F.I.A.,Bimbo De Argentina S.A.,Supplier,Packaged Foods and Meats,Argentina,2017,,,,,,,,Molino Cañuelas S.A.C.I.F.I.A. F-1,USD millions ($M) per CIQ header,2026-10-06,"filings/capitaliq/Business Relationships & Supply Chain/Suppliers/SPGlobal_GrupoBimbo,S.A.B.deC.V._Suppliers_06-Oct-2026.xlsx",Suppliers,58
Prior and Not Recently Disclosed Suppliers,Kaman Corporation,"Bimbo Bakeries USA, Inc.",Supplier,Aerospace and Defense,Connecticut,2005,,,,,,,,Kaman Corporation 10-K,USD millions ($M) per CIQ header,2026-10-06,"filings/capitaliq/Business Relationships & Supply Chain/Suppliers/SPGlobal_GrupoBimbo,S.A.B.deC.V._Suppliers_06-Oct-2026.xlsx",Suppliers,59
Prior and Not Recently Disclosed Suppliers,"Kansas City Southern de México, S.A. de C.V.",Corporativo Agroindustrial Altex Sa De C.V.,Supplier,Rail Transportation,Mexico,2004,,,,,,,,"Kansas City Southern de México, S.A. de C.V. 10-K",USD millions ($M) per CIQ header,2026-10-06,"filings/capitaliq/Business Relationships & Supply Chain/Suppliers/SPGlobal_GrupoBimbo,S.A.B.deC.V._Suppliers_06-Oct-2026.xlsx",Suppliers,60
Prior and Not Recently Disclosed Suppliers,QAD Inc.,"Grupo Bimbo, S.A.B. de C.V.",Supplier,Application Software,California,2006,,,,,,,,QAD Inc. 10-K,USD millions ($M) per CIQ header,2026-10-06,"filings/capitaliq/Business Relationships & Supply Chain/Suppliers/SPGlobal_GrupoBimbo,S.A.B.deC.V._Suppliers_06-Oct-2026.xlsx",Suppliers,61
Prior and Not Recently Disclosed Suppliers,Delta Systems & Automation LLC,"Grupo Bimbo, S.A.B. de C.V.",Supplier,Industrial Machinery and Supplies and Components,Arkansas,2005,,,,,,,,Delta Systems & Automation LLC AR,USD millions ($M) per CIQ header,2026-10-06,"filings/capitaliq/Business Relationships & Supply Chain/Suppliers/SPGlobal_GrupoBimbo,S.A.B.deC.V._Suppliers_06-Oct-2026.xlsx",Suppliers,62
Prior and Not Recently Disclosed Suppliers,"Park City Group, Inc.","Bimbo Foods Bakeries Distribution, LLC",Supplier,Application Software,Pennsylvania,2004,,,,,,,,"Park City Group, Inc. 10KSB",USD millions ($M) per CIQ header,2026-10-06,"filings/capitaliq/Business Relationships & Supply Chain/Suppliers/SPGlobal_GrupoBimbo,S.A.B.deC.V._Suppliers_06-Oct-2026.xlsx",Suppliers,63
Prior and Not Recently Disclosed Suppliers,"Grupo KCSM, S.A. de C.V.",Corporativo Agroindustrial Altex Sa De C.V.,Supplier,Rail Transportation,Mexico,2004,,,,,,,,"Grupo KCSM, S.A. de C.V. 10-K",USD millions ($M) per CIQ header,2026-10-06,"filings/capitaliq/Business Relationships & Supply Chain/Suppliers/SPGlobal_GrupoBimbo,S.A.B.deC.V._Suppliers_06-Oct-2026.xlsx",Suppliers,64
Prior and Not Recently Disclosed Suppliers,eFuture Holding Inc.,Trigorico S.L.U.,Supplier,Systems Software,China,2007,,,,,,,,eFuture Holding Inc.,USD millions ($M) per CIQ header,2026-10-06,"filings/capitaliq/Business Relationships & Supply Chain/Suppliers/SPGlobal_GrupoBimbo,S.A.B.deC.V._Suppliers_06-Oct-2026.xlsx",Suppliers,65
Prior and Not Recently Disclosed Suppliers,Vivactis Group SA,"Grupo Bimbo, S.A.B. de C.V.",Supplier,Advertising,Belgium,2008,,,,,,,,Vivactis Group SA AR,USD millions ($M) per CIQ header,2026-10-06,"filings/capitaliq/Business Relationships & Supply Chain/Suppliers/SPGlobal_GrupoBimbo,S.A.B.deC.V._Suppliers_06-Oct-2026.xlsx",Suppliers,66
Prior and Not Recently Disclosed Suppliers,Martek Biosciences Corporation,Canada Bread Company Ltd,Supplier,Personal Care Products,Maryland,2008,,,,,,,,Martek Biosciences Corporation,USD millions ($M) per CIQ header,2026-10-06,"filings/capitaliq/Business Relationships & Supply Chain/Suppliers/SPGlobal_GrupoBimbo,S.A.B.deC.V._Suppliers_06-Oct-2026.xlsx",Suppliers,67
Prior and Not Recently Disclosed Suppliers,"Intermec, Inc.",Canada Bread Company Ltd,Supplier,"Technology Hardware, Storage and Peripherals",Washington,2006,,,,,,,,"Intermec, Inc.",USD millions ($M) per CIQ header,2026-10-06,"filings/capitaliq/Business Relationships & Supply Chain/Suppliers/SPGlobal_GrupoBimbo,S.A.B.deC.V._Suppliers_06-Oct-2026.xlsx",Suppliers,68
Prior and Not Recently Disclosed Suppliers,"Park City Group, Inc.","Bimbo Bakeries USA, Inc.",Supplier,Application Software,Pennsylvania,2004,,,,,,,,"Park City Group, Inc. 10KSB",USD millions ($M) per CIQ header,2026-10-06,"filings/capitaliq/Business Relationships & Supply Chain/Suppliers/SPGlobal_GrupoBimbo,S.A.B.deC.V._Suppliers_06-Oct-2026.xlsx",Suppliers,69
Prior and Not Recently Disclosed Suppliers,Azure Dynamics Corp.,"Bimbo Bakeries USA, Inc.",Supplier,Automotive Parts and Equipment,Michigan,2009,,,,,,,,Azure Dynamics Corp. Other,USD millions ($M) per CIQ header,2026-10-06,"filings/capitaliq/Business Relationships & Supply Chain/Suppliers/SPGlobal_GrupoBimbo,S.A.B.deC.V._Suppliers_06-Oct-2026.xlsx",Suppliers,70
Prior and Not Recently Disclosed Suppliers,"Park City Group, Inc.","Earthgrains Bakery Group, Inc.",Supplier,Application Software,Pennsylvania,2004,,,,,,,,"Park City Group, Inc. 10KSB",USD millions ($M) per CIQ header,2026-10-06,"filings/capitaliq/Business Relationships & Supply Chain/Suppliers/SPGlobal_GrupoBimbo,S.A.B.deC.V._Suppliers_06-Oct-2026.xlsx",Suppliers,71
Prior and Not Recently Disclosed Suppliers,"WW International, Inc.","Arnold Foods Company, Inc.",Licensor,Specialized Consumer Services,New York,2009,,,,,,,,"WW International, Inc. 10-K",USD millions ($M) per CIQ header,2026-10-06,"filings/capitaliq/Business Relationships & Supply Chain/Suppliers/SPGlobal_GrupoBimbo,S.A.B.deC.V._Suppliers_06-Oct-2026.xlsx",Suppliers,72
Prior and Not Recently Disclosed Suppliers,"American Realty Capital Trust, Inc.",Mrs. Baird's Bakeries Incorporated,Landlord,Diversified REITs,New York,2011,,,,,,,,"American Realty Capital Trust, Inc. 10-K",USD millions ($M) per CIQ header,2026-10-06,"filings/capitaliq/Business Relationships & Supply Chain/Suppliers/SPGlobal_GrupoBimbo,S.A.B.deC.V._Suppliers_06-Oct-2026.xlsx",Suppliers,73
Prior and Not Recently Disclosed Suppliers,Xchanging Limited,Trigorico S.L.U.,Supplier,Internet Services and Infrastructure,United Kingdom,2012,,,,,,,,Xchanging Limited AR,USD millions ($M) per CIQ header,2026-10-06,"filings/capitaliq/Business Relationships & Supply Chain/Suppliers/SPGlobal_GrupoBimbo,S.A.B.deC.V._Suppliers_06-Oct-2026.xlsx",Suppliers,74
Prior and Not Recently Disclosed Suppliers,Rubix Group International Limited,Trigorico S.L.U.,Supplier,Trading Companies and Distributors,United Kingdom,2011,,,,,,,,Rubix Group International Limited,USD millions ($M) per CIQ header,2026-10-06,"filings/capitaliq/Business Relationships & Supply Chain/Suppliers/SPGlobal_GrupoBimbo,S.A.B.deC.V._Suppliers_06-Oct-2026.xlsx",Suppliers,75
Prior and Not Recently Disclosed Suppliers,"Corporación Interamericana de Entretenimiento, S.A.B. de C.V.","Grupo Bimbo, S.A.B. de C.V.",Supplier,Movies and Entertainment,Mexico,2010,,,,,,,,"Corporación Interamericana de Entretenimiento, S.A.B. de C.V. Intl Offer",USD millions ($M) per CIQ header,2026-10-06,"filings/capitaliq/Business Relationships & Supply Chain/Suppliers/SPGlobal_GrupoBimbo,S.A.B.deC.V._Suppliers_06-Oct-2026.xlsx",Suppliers,76
Prior and Not Recently Disclosed Suppliers,Caja de Ahorros y Monte de Piedad de Madrid,"Grupo Bimbo, S.A.B. de C.V.",Creditor,Commercial and Residential Mortgage Finance,Spain,2009,,,,,,,,Caja de Ahorros y Monte de Piedad de Madrid AR,USD millions ($M) per CIQ header,2026-10-06,"filings/capitaliq/Business Relationships & Supply Chain/Suppliers/SPGlobal_GrupoBimbo,S.A.B.deC.V._Suppliers_06-Oct-2026.xlsx",Suppliers,77
Prior and Not Recently Disclosed Suppliers,Grupo La Moderna SA De CV,"Grupo Bimbo, S.A.B. de C.V.",Supplier,Packaged Foods and Meats,Mexico,2013,,,,,,,,Grupo La Moderna SA De CV,USD millions ($M) per CIQ header,2026-10-06,"filings/capitaliq/Business Relationships & Supply Chain/Suppliers/SPGlobal_GrupoBimbo,S.A.B.deC.V._Suppliers_06-Oct-2026.xlsx",Suppliers,78
Prior and Not Recently Disclosed Suppliers,Corporativo Agroindustrial Altex Sa De C.V.,"Grupo Bimbo, S.A.B. de C.V.",Supplier,Agricultural Products and Services,Mexico,2013,,,,,,,,Corporativo Agroindustrial Altex Sa De C.V.,USD millions ($M) per CIQ header,2026-10-06,"filings/capitaliq/Business Relationships & Supply Chain/Suppliers/SPGlobal_GrupoBimbo,S.A.B.deC.V._Suppliers_06-Oct-2026.xlsx",Suppliers,79
Prior and Not Recently Disclosed Suppliers,"Morgan Olson, LLC","Bimbo Bakeries USA, Inc.",Supplier,Construction Machinery and Heavy Transportation Equipment,Michigan,2005,,,,,,,,"Morgan Olson, LLC 10-K",USD millions ($M) per CIQ header,2026-10-06,"filings/capitaliq/Business Relationships & Supply Chain/Suppliers/SPGlobal_GrupoBimbo,S.A.B.deC.V._Suppliers_06-Oct-2026.xlsx",Suppliers,80
Prior and Not Recently Disclosed Suppliers,"WW International, Inc.","Bimbo Bakeries USA, Inc.",Licensor,Specialized Consumer Services,New York,2010,,,,,,,,"WW International, Inc. 10-K",USD millions ($M) per CIQ header,2026-10-06,"filings/capitaliq/Business Relationships & Supply Chain/Suppliers/SPGlobal_GrupoBimbo,S.A.B.deC.V._Suppliers_06-Oct-2026.xlsx",Suppliers,81
Prior and Not Recently Disclosed Suppliers,"RCM Technologies, Inc.","Bimbo Bakeries USA, Inc.",Supplier,Research and Consulting Services,New Jersey,2011,,,,,,,,"RCM Technologies, Inc. 10-K",USD millions ($M) per CIQ header,2026-10-06,"filings/capitaliq/Business Relationships & Supply Chain/Suppliers/SPGlobal_GrupoBimbo,S.A.B.deC.V._Suppliers_06-Oct-2026.xlsx",Suppliers,82
Prior and Not Recently Disclosed Suppliers,"ReposiTrak, Inc.","Bimbo Bakeries USA, Inc.",Supplier,Application Software,Utah,2009,,,,,,,,"ReposiTrak, Inc. 10-K",USD millions ($M) per CIQ header,2026-10-06,"filings/capitaliq/Business Relationships & Supply Chain/Suppliers/SPGlobal_GrupoBimbo,S.A.B.deC.V._Suppliers_06-Oct-2026.xlsx",Suppliers,83
Prior and Not Recently Disclosed Suppliers,PureCircle Limited,"Bimbo Bakeries USA, Inc.",Supplier,Packaged Foods and Meats,Illinois,2010,,,,,,,,PureCircle Limited,USD millions ($M) per CIQ header,2026-10-06,"filings/capitaliq/Business Relationships & Supply Chain/Suppliers/SPGlobal_GrupoBimbo,S.A.B.deC.V._Suppliers_06-Oct-2026.xlsx",Suppliers,84
Prior and Not Recently Disclosed Suppliers,Industrias del Envase S.A.,BIMBO SA,Supplier,Paper and Plastic Packaging Products and Materials,Peru,2008,,,,,,,,Industrias del Envase S.A.,USD millions ($M) per CIQ header,2026-10-06,"filings/capitaliq/Business Relationships & Supply Chain/Suppliers/SPGlobal_GrupoBimbo,S.A.B.deC.V._Suppliers_06-Oct-2026.xlsx",Suppliers,85
Prior and Not Recently Disclosed Suppliers,"ReposiTrak, Inc.","Bimbo Foods Bakeries Distribution, LLC",Supplier,Application Software,Utah,2009,,,,,,,,"ReposiTrak, Inc. 10-K",USD millions ($M) per CIQ header,2026-10-06,"filings/capitaliq/Business Relationships & Supply Chain/Suppliers/SPGlobal_GrupoBimbo,S.A.B.deC.V._Suppliers_06-Oct-2026.xlsx",Suppliers,86
Prior and Not Recently Disclosed Suppliers,JBT Marel Corporation,Corporativo Agroindustrial Altex Sa De C.V.,Supplier,Industrial Machinery and Supplies and Components,Illinois,2008,,,,,,,,JBT Marel Corporation 10-K,USD millions ($M) per CIQ header,2026-10-06,"filings/capitaliq/Business Relationships & Supply Chain/Suppliers/SPGlobal_GrupoBimbo,S.A.B.deC.V._Suppliers_06-Oct-2026.xlsx",Suppliers,87
Prior and Not Recently Disclosed Suppliers,"ReposiTrak, Inc.","Earthgrains Bakery Group, Inc.",Supplier,Application Software,Utah,2009,,,,,,,,"ReposiTrak, Inc. 10-K",USD millions ($M) per CIQ header,2026-10-06,"filings/capitaliq/Business Relationships & Supply Chain/Suppliers/SPGlobal_GrupoBimbo,S.A.B.deC.V._Suppliers_06-Oct-2026.xlsx",Suppliers,88
Prior and Not Recently Disclosed Suppliers,"Industrial Molinera Montserrat, S.A. De C.V.","Grupo Bimbo, S.A.B. de C.V.",Supplier,Packaged Foods and Meats,Mexico,2013,2018,,,,,,,"Industrial Molinera Montserrat, S.A. De C.V. AR",USD millions ($M) per CIQ header,2026-10-06,"filings/capitaliq/Business Relationships & Supply Chain/Suppliers/SPGlobal_GrupoBimbo,S.A.B.deC.V._Suppliers_06-Oct-2026.xlsx",Suppliers,89
Prior and Not Recently Disclosed Suppliers,"Fincomún, Servicios Financieros Comunitarios S.A. de C.V. S.F.P.","Grupo Bimbo, S.A.B. de C.V.",Supplier,Regional Banks,Mexico,2015,2018,,,,,,,"Fincomún, Servicios Financieros Comunitarios S.A. de C.V. S.F.P. AR",USD millions ($M) per CIQ header,2026-10-06,"filings/capitaliq/Business Relationships & Supply Chain/Suppliers/SPGlobal_GrupoBimbo,S.A.B.deC.V._Suppliers_06-Oct-2026.xlsx",Suppliers,90
Prior and Not Recently Disclosed Suppliers,"Banco Santander México, S.A., Institución de Banca Múltiple, Grupo Financiero Sa","Grupo Bimbo, S.A.B. de C.V.",Creditor,Diversified Banks,Mexico,2018,2026,,,,,,,"Banco Santander México, S.A., Institución de Banca Múltiple, Grupo Financiero Sa",USD millions ($M) per CIQ header,2026-10-06,"filings/capitaliq/Business Relationships & Supply Chain/Suppliers/SPGlobal_GrupoBimbo,S.A.B.deC.V._Suppliers_06-Oct-2026.xlsx",Suppliers,91
Prior and Not Recently Disclosed Suppliers,"Paniplus, S. A. De C. V","Grupo Bimbo, S.A.B. de C.V.",Supplier,Packaged Foods and Meats,Mexico,2013,2015,,,,,,,"Paniplus, S. A. De C. V AR",USD millions ($M) per CIQ header,2026-10-06,"filings/capitaliq/Business Relationships & Supply Chain/Suppliers/SPGlobal_GrupoBimbo,S.A.B.deC.V._Suppliers_06-Oct-2026.xlsx",Suppliers,92
Prior and Not Recently Disclosed Suppliers,Barry Callebaut AG,"Grupo Bimbo, S.A.B. de C.V.",Supplier,Packaged Foods and Meats,Switzerland,2012,,,,,,,,Barry Callebaut AG AR,USD millions ($M) per CIQ header,2026-10-06,"filings/capitaliq/Business Relationships & Supply Chain/Suppliers/SPGlobal_GrupoBimbo,S.A.B.deC.V._Suppliers_06-Oct-2026.xlsx",Suppliers,93
Prior and Not Recently Disclosed Suppliers,"Ovoplus del Centro, S.A. de C.V","Grupo Bimbo, S.A.B. de C.V.",Supplier,Packaged Foods and Meats,Mexico,2013,2016,,,,,,,"Ovoplus del Centro, S.A. de C.V AR",USD millions ($M) per CIQ header,2026-10-06,"filings/capitaliq/Business Relationships & Supply Chain/Suppliers/SPGlobal_GrupoBimbo,S.A.B.deC.V._Suppliers_06-Oct-2026.xlsx",Suppliers,94
Prior and Not Recently Disclosed Suppliers,"Cornerstone OnDemand, Inc.","Grupo Bimbo, S.A.B. de C.V.",Supplier,Application Software,California,2015,,,,,,,,"Cornerstone OnDemand, Inc. 10-K",USD millions ($M) per CIQ header,2026-10-06,"filings/capitaliq/Business Relationships & Supply Chain/Suppliers/SPGlobal_GrupoBimbo,S.A.B.deC.V._Suppliers_06-Oct-2026.xlsx",Suppliers,95
Prior and Not Recently Disclosed Suppliers,BF Argentina S.A.,"Grupo Bimbo, S.A.B. de C.V.",Supplier,IT Consulting and Other Services,Argentina,2016,,,,,,,,BF Argentina S.A.,USD millions ($M) per CIQ header,2026-10-06,"filings/capitaliq/Business Relationships & Supply Chain/Suppliers/SPGlobal_GrupoBimbo,S.A.B.deC.V._Suppliers_06-Oct-2026.xlsx",Suppliers,96
Prior and Not Recently Disclosed Suppliers,Mercer (US) Inc.,"Grupo Bimbo, S.A.B. de C.V.",Vendor,Research and Consulting Services,New York,2013,,,,,,,,Mercer (US) Inc. AR,USD millions ($M) per CIQ header,2026-10-06,"filings/capitaliq/Business Relationships & Supply Chain/Suppliers/SPGlobal_GrupoBimbo,S.A.B.deC.V._Suppliers_06-Oct-2026.xlsx",Suppliers,97
Prior and Not Recently Disclosed Suppliers,ING Capital LLC,"Grupo Bimbo, S.A.B. de C.V.",Creditor,Investment Banking and Brokerage,New York,,2021,,,,,,,ING Capital LLC AR,USD millions ($M) per CIQ header,2026-10-06,"filings/capitaliq/Business Relationships & Supply Chain/Suppliers/SPGlobal_GrupoBimbo,S.A.B.deC.V._Suppliers_06-Oct-2026.xlsx",Suppliers,98
Prior and Not Recently Disclosed Suppliers,"Galerias Louis C. Morton, SA de CV","Grupo Bimbo, S.A.B. de C.V.",Supplier,Diversified Support Services,Mexico,2013,,,,,,,,"Galerias Louis C. Morton, SA de CV AR",USD millions ($M) per CIQ header,2026-10-06,"filings/capitaliq/Business Relationships & Supply Chain/Suppliers/SPGlobal_GrupoBimbo,S.A.B.deC.V._Suppliers_06-Oct-2026.xlsx",Suppliers,99
Prior and Not Recently Disclosed Suppliers,"Acciona, S.A.","Grupo Bimbo, S.A.B. de C.V.",Supplier,Electric Utilities,Spain,2018,,,,,,,,"Acciona, S.A.",USD millions ($M) per CIQ header,2026-10-06,"filings/capitaliq/Business Relationships & Supply Chain/Suppliers/SPGlobal_GrupoBimbo,S.A.B.deC.V._Suppliers_06-Oct-2026.xlsx",Suppliers,100
Prior and Not Recently Disclosed Suppliers,"Grupo Riviera, S.A. De C.V.","Grupo Bimbo, S.A.B. de C.V.",Supplier,Multi-Sector Holdings,Mexico,2020,,,,,,,,"Grupo Riviera, S.A. De C.V.",USD millions ($M) per CIQ header,2026-10-06,"filings/capitaliq/Business Relationships & Supply Chain/Suppliers/SPGlobal_GrupoBimbo,S.A.B.deC.V._Suppliers_06-Oct-2026.xlsx",Suppliers,101
Prior and Not Recently Disclosed Suppliers,Publicis Groupe S.A.,"Grupo Bimbo, S.A.B. de C.V.",Supplier,Advertising,France,2021,,,,,,,,Publicis Groupe S.A. AR,USD millions ($M) per CIQ header,2026-10-06,"filings/capitaliq/Business Relationships & Supply Chain/Suppliers/SPGlobal_GrupoBimbo,S.A.B.deC.V._Suppliers_06-Oct-2026.xlsx",Suppliers,102
Prior and Not Recently Disclosed Suppliers,"HSBC Bank USA, National Association","Grupo Bimbo, S.A.B. de C.V.",Creditor,Regional Banks,New York,2018,2023,,,,,,,"HSBC Bank USA, National Association",USD millions ($M) per CIQ header,2026-10-06,"filings/capitaliq/Business Relationships & Supply Chain/Suppliers/SPGlobal_GrupoBimbo,S.A.B.deC.V._Suppliers_06-Oct-2026.xlsx",Suppliers,103
Prior and Not Recently Disclosed Suppliers,Pure Industrial Real Estate Trust,Canada Bread Company Ltd,Landlord,Industrial REITs,Canada,2016,,,,,,,,Pure Industrial Real Estate Trust FIN SUPP,USD millions ($M) per CIQ header,2026-10-06,"filings/capitaliq/Business Relationships & Supply Chain/Suppliers/SPGlobal_GrupoBimbo,S.A.B.deC.V._Suppliers_06-Oct-2026.xlsx",Suppliers,104
Prior and Not Recently Disclosed Suppliers,H&R Real Estate Investment Trust,Canada Bread Company Ltd,Landlord,Diversified REITs,Canada,2004,,,,,,,,H&R Real Estate Investment Trust AR,USD millions ($M) per CIQ header,2026-10-06,"filings/capitaliq/Business Relationships & Supply Chain/Suppliers/SPGlobal_GrupoBimbo,S.A.B.deC.V._Suppliers_06-Oct-2026.xlsx",Suppliers,105
Prior and Not Recently Disclosed Suppliers,Maple Leaf Foods Inc.,Canada Bread Company Ltd,Creditor,Packaged Foods and Meats,Canada,2007,,,,,,,,Maple Leaf Foods Inc. AR,USD millions ($M) per CIQ header,2026-10-06,"filings/capitaliq/Business Relationships & Supply Chain/Suppliers/SPGlobal_GrupoBimbo,S.A.B.deC.V._Suppliers_06-Oct-2026.xlsx",Suppliers,106
Prior and Not Recently Disclosed Suppliers,Maple Leaf Foods Inc.,Canada Bread Company Ltd,Vendor,Packaged Foods and Meats,Canada,2007,,,,,,,,Maple Leaf Foods Inc. AR,USD millions ($M) per CIQ header,2026-10-06,"filings/capitaliq/Business Relationships & Supply Chain/Suppliers/SPGlobal_GrupoBimbo,S.A.B.deC.V._Suppliers_06-Oct-2026.xlsx",Suppliers,107
Prior and Not Recently Disclosed Suppliers,Canada,Canada Bread Company Ltd,Creditor,Diversified Support Services,Canada,,2020,,,,,,,Canada AR,USD millions ($M) per CIQ header,2026-10-06,"filings/capitaliq/Business Relationships & Supply Chain/Suppliers/SPGlobal_GrupoBimbo,S.A.B.deC.V._Suppliers_06-Oct-2026.xlsx",Suppliers,108
Prior and Not Recently Disclosed Suppliers,Day & Ross Transportation Group Inc.,Canada Bread Company Ltd,Vendor,Cargo Ground Transportation,Canada,2010,,,,,,,,Day & Ross Transportation Group Inc. AR,USD millions ($M) per CIQ header,2026-10-06,"filings/capitaliq/Business Relationships & Supply Chain/Suppliers/SPGlobal_GrupoBimbo,S.A.B.deC.V._Suppliers_06-Oct-2026.xlsx",Suppliers,109
Prior and Not Recently Disclosed Suppliers,Computershare Investor Services Inc.,Canada Bread Company Ltd,Transfer Agent,Investment Banking and Brokerage,Canada,2008,,,,,,,,Computershare Investor Services Inc. AR,USD millions ($M) per CIQ header,2026-10-06,"filings/capitaliq/Business Relationships & Supply Chain/Suppliers/SPGlobal_GrupoBimbo,S.A.B.deC.V._Suppliers_06-Oct-2026.xlsx",Suppliers,110
Prior and Not Recently Disclosed Suppliers,Federal Economic Development Agency for Southern Ontario,Canada Bread Company Ltd,Creditor,Diversified Support Services,Canada,,2017,,,,,,,Federal Economic Development Agency for Southern Ontario AR,USD millions ($M) per CIQ header,2026-10-06,"filings/capitaliq/Business Relationships & Supply Chain/Suppliers/SPGlobal_GrupoBimbo,S.A.B.deC.V._Suppliers_06-Oct-2026.xlsx",Suppliers,111
Prior and Not Recently Disclosed Suppliers,Clean Energy Fuels Corp.,"Bimbo Bakeries USA, Inc.",Supplier,Oil and Gas Refining and Marketing,California,2014,,,,,,,,Clean Energy Fuels Corp.,USD millions ($M) per CIQ header,2026-10-06,"filings/capitaliq/Business Relationships & Supply Chain/Suppliers/SPGlobal_GrupoBimbo,S.A.B.deC.V._Suppliers_06-Oct-2026.xlsx",Suppliers,112
Prior and Not Recently Disclosed Suppliers,Avanceon Limited,"Earthgrains Bakery Group, Inc.",Supplier,IT Consulting and Other Services,Pakistan,2013,,,,,,,,Avanceon Limited AR,USD millions ($M) per CIQ header,2026-10-06,"filings/capitaliq/Business Relationships & Supply Chain/Suppliers/SPGlobal_GrupoBimbo,S.A.B.deC.V._Suppliers_06-Oct-2026.xlsx",Suppliers,113
Prior and Not Recently Disclosed Suppliers,"Midas Medici Group Holdings, Inc.",Wickbold & Nosso Pão Indústrias Alimentícias Ltda.,Supplier,IT Consulting and Other Services,New York,2012,,,,,,,,"Midas Medici Group Holdings, Inc.",USD millions ($M) per CIQ header,2026-10-06,"filings/capitaliq/Business Relationships & Supply Chain/Suppliers/SPGlobal_GrupoBimbo,S.A.B.deC.V._Suppliers_06-Oct-2026.xlsx",Suppliers,114
Prior and Not Recently Disclosed Suppliers,Pure Industrial Real Estate Trust,The Stonemill Bakehouse Ltd.,Landlord,Industrial REITs,Canada,2016,,,,,,,,Pure Industrial Real Estate Trust FIN SUPP,USD millions ($M) per CIQ header,2026-10-06,"filings/capitaliq/Business Relationships & Supply Chain/Suppliers/SPGlobal_GrupoBimbo,S.A.B.deC.V._Suppliers_06-Oct-2026.xlsx",Suppliers,115
Prior and Not Recently Disclosed Suppliers,Molino Cañuelas S.A.C.I.F.I.A.,Pagnifique S.A.,Supplier,Packaged Foods and Meats,Argentina,2017,,,,,,,,Molino Cañuelas S.A.C.I.F.I.A. F-1,USD millions ($M) per CIQ header,2026-10-06,"filings/capitaliq/Business Relationships & Supply Chain/Suppliers/SPGlobal_GrupoBimbo,S.A.B.deC.V._Suppliers_06-Oct-2026.xlsx",Suppliers,116
Prior and Not Recently Disclosed Suppliers,Sanstar Limited,Capital Foods S.A.,Supplier,Packaged Foods and Meats,India,2024,,,,,,,,Sanstar Limited,USD millions ($M) per CIQ header,2026-10-06,"filings/capitaliq/Business Relationships & Supply Chain/Suppliers/SPGlobal_GrupoBimbo,S.A.B.deC.V._Suppliers_06-Oct-2026.xlsx",Suppliers,117
